task_key,title,assessment,merged_prs,historically_skipped,repair_groups,acceptance_groups,requirement,current_source_files
01-platform-infrastructure.md#T-01.01.01,"Create `pnpm-workspace.yaml` with `packages: ['apps/*', 'packages/*']` and verify `pnpm install` resolves correctly",merged_source_evidence_acceptance_retest_required,1,False,,F22,kanban/epics/01-platform-infrastructure.md:50,apps/.gitkeep;package.json;packages/.gitkeep;pnpm-lock.yaml;pnpm-workspace.yaml
01-platform-infrastructure.md#T-01.01.02,Create root `turbo.json` pipeline definition,merged_source_evidence_acceptance_retest_required,2,False,,F22,kanban/epics/01-platform-infrastructure.md:55,turbo.json
01-platform-infrastructure.md#T-01.01.03,Create root `.npmrc` with strict peer dependencies and no shameful hoisting,merged_source_evidence_acceptance_retest_required,3,False,,F22,kanban/epics/01-platform-infrastructure.md:60,.npmrc;pnpm-lock.yaml
01-platform-infrastructure.md#T-01.01.04,"Create root `package.json` with `packageManager`, scripts, and engines constraint",merged_source_evidence_acceptance_retest_required,4,False,,F22,kanban/epics/01-platform-infrastructure.md:65,README.md;package.json;pnpm-lock.yaml
01-platform-infrastructure.md#T-01.01.05,"Verify monorepo integrity: install deps, run `turbo build` across all packages, confirm no cross-package resolution errors",merged_source_evidence_acceptance_retest_required,5,False,,F22,kanban/epics/01-platform-infrastructure.md:70,.github/workflows/ci.yml
01-platform-infrastructure.md#T-01.02.01,Create `packages/tsconfig/base.json` with strict shared settings,merged_source_evidence_acceptance_retest_required,6,False,,F22,kanban/epics/01-platform-infrastructure.md:92,packages/tsconfig/base.json;packages/tsconfig/package.json;packages/tsconfig/tsconfig.test.json;pnpm-lock.yaml
01-platform-infrastructure.md#T-01.02.02,"Configure per-package tsconfig with project references in each of: `packages/db`, `packages/shared`, `packages/i18n`, `packages/ui`, `apps/web`, `apps/api`",merged_source_evidence_acceptance_retest_required,7,False,,F22,kanban/epics/01-platform-infrastructure.md:97,.gitignore;apps/api/package.json;apps/api/tsconfig.json;apps/web/package.json;apps/web/src/index.ts;apps/web/tsconfig.json;package.json;packages/db/package.json;packages/db/src/index.ts;packages/db/tsconfig.json;packages/i18n/package.json;packages/i18n/src/index.ts;packages/i18n/tsconfig.json;packages/shared/package.json;packages/shared/src/index.ts;packages/shared/tsconfig.json;packages/ui/package.json;packages/ui/src/index.ts;packages/ui/tsconfig.json;pnpm-lock.yaml
01-platform-infrastructure.md#T-01.02.03,Create root-level `tsconfig.json` that references all sub-projects with `files: []` so IDE picks up project references,merged_source_evidence_acceptance_retest_required,8,False,,F22,kanban/epics/01-platform-infrastructure.md:102,tsconfig.json
01-platform-infrastructure.md#T-01.02.04,Wire `turbo.json` `typecheck` task and CI step to run `turbo typecheck`,merged_source_evidence_acceptance_retest_required,9,False,,F22,kanban/epics/01-platform-infrastructure.md:107,.github/workflows/ci.yml;apps/api/package.json;apps/web/package.json;package.json;packages/db/package.json;packages/i18n/package.json;packages/shared/package.json;packages/ui/package.json;scripts/check-suppressed-errors.sh
01-platform-infrastructure.md#T-01.03.01,Configure TanStack Start build pipeline in `apps/web`,merged_source_evidence_acceptance_retest_required,10,False,,"F19,F22",kanban/epics/01-platform-infrastructure.md:129,apps/web/README.md;apps/web/index.html;apps/web/package.json;apps/web/src/client.tsx;apps/web/src/routeTree.gen.ts;apps/web/src/router.tsx;apps/web/src/routes/__root.tsx;apps/web/src/routes/index.tsx;apps/web/tsconfig.json;apps/web/vite.config.ts;package.json;pnpm-lock.yaml
01-platform-infrastructure.md#T-01.03.02,Configure NestJS build pipeline in `apps/api`,merged_source_evidence_acceptance_retest_required,11,False,,"F19,F22",kanban/epics/01-platform-infrastructure.md:134,apps/api/nest-cli.json;apps/api/package.json;apps/api/src/app.controller.ts;apps/api/src/app.module.ts;apps/api/src/generate-openapi.ts;apps/api/src/main.ts;pnpm-lock.yaml
01-platform-infrastructure.md#T-01.03.03,Implement route-level code splitting and lazy loading for heavy modules,merged_source_evidence_acceptance_retest_required,12,False,,"F19,F22",kanban/epics/01-platform-infrastructure.md:139,apps/web/src/components/RouteErrorBoundary.tsx;apps/web/src/components/RouteSkeleton.tsx;apps/web/src/pages/AIChat.tsx;apps/web/src/pages/AdminDashboard.tsx;apps/web/src/pages/AdminLayout.tsx;apps/web/src/pages/ChartsPage.tsx;apps/web/src/pages/DocumentsPage.tsx;apps/web/src/pages/VideosPage.tsx;apps/web/src/routeTree.gen.ts;apps/web/src/routes/admin.tsx;apps/web/src/routes/admin/index.tsx;apps/web/src/routes/admin/users.tsx;apps/web/vite.config.ts
01-platform-infrastructure.md#T-01.03.04,Implement bundle budget checking in CI,merged_source_evidence_acceptance_retest_required,13,False,,"F19,F22",kanban/epics/01-platform-infrastructure.md:145,.github/workflows/ci.yml;.size-limit.json;package.json;pnpm-lock.yaml
01-platform-infrastructure.md#T-01.03.05,Configure hashed filenames and CDN-ready public asset output,merged_source_evidence_acceptance_retest_required,14,False,,"F19,F22",kanban/epics/01-platform-infrastructure.md:150,.env.example;apps/api/src/common/cache-control.interceptor.ts;apps/api/src/main.ts;apps/web/vite.config.ts
01-platform-infrastructure.md#T-01.04.01,Create root `vitest.workspace.ts` that includes all packages and apps,merged_source_evidence_acceptance_retest_required,15,False,,"F19,F22",kanban/epics/01-platform-infrastructure.md:172,apps/api/package.json;apps/api/vitest.config.ts;apps/web/package.json;apps/web/src/test/setup.ts;apps/web/vitest.config.ts;package.json;packages/db/package.json;packages/db/vitest.config.ts;packages/i18n/package.json;packages/i18n/vitest.config.ts;packages/shared/package.json;packages/shared/vitest.config.ts;packages/ui/package.json;packages/ui/vitest.config.ts;pnpm-lock.yaml;vitest.workspace.ts
01-platform-infrastructure.md#T-01.04.02,Configure per-package Vitest with coverage thresholds,merged_source_evidence_acceptance_retest_required,16,False,,"F19,F22",kanban/epics/01-platform-infrastructure.md:177,apps/api/vitest.config.ts;apps/web/vitest.config.ts;packages/db/vitest.config.ts;packages/i18n/vitest.config.ts;packages/shared/vitest.config.ts;packages/tsconfig/package.json;packages/tsconfig/vitest.base.config.test.ts;packages/tsconfig/vitest.base.config.ts;packages/ui/vitest.config.ts
01-platform-infrastructure.md#T-01.04.03,Configure backend integration test setup with real PostgreSQL,merged_source_evidence_acceptance_retest_required,21,False,,"F19,F22",kanban/epics/01-platform-infrastructure.md:182,packages/db/package.json;packages/db/src/test/globalSetup.ts;packages/db/src/test/integration.test.ts;packages/db/src/test/testDb.ts;packages/db/vitest.config.ts;pnpm-lock.yaml
01-platform-infrastructure.md#T-01.04.04,Configure Playwright for E2E testing,merged_source_evidence_acceptance_retest_required,25,False,,"F19,F22",kanban/epics/01-platform-infrastructure.md:187,.gitignore;apps/web/e2e/fixtures.ts;apps/web/e2e/global-setup.ts;apps/web/e2e/smoke.spec.ts;apps/web/package.json;apps/web/playwright.config.ts;apps/web/vitest.config.ts;pnpm-lock.yaml
01-platform-infrastructure.md#T-01.04.05,Wire `test` and `test:coverage` tasks in `turbo.json`,merged_source_evidence_acceptance_retest_required,26,False,,"F19,F22",kanban/epics/01-platform-infrastructure.md:192,.github/workflows/ci.yml;apps/api/package.json;apps/web/package.json;package.json;packages/db/package.json;packages/i18n/package.json;packages/shared/package.json;packages/ui/package.json;turbo.json
01-platform-infrastructure.md#T-01.04.06,Configure flaky-test quarantine process,merged_source_evidence_acceptance_retest_required,28,False,,"F19,F22",kanban/epics/01-platform-infrastructure.md:197,.github/workflows/ci.yml;README.md;docs/flaky-test-quarantine.md;scripts/check-flaky-tests.sh;scripts/quarantine-registry.json
01-platform-infrastructure.md#T-01.05.01,Implement global NestJS `HttpExceptionFilter` and `CorrelationIdMiddleware`,merged_source_evidence_acceptance_retest_required,29,False,,F22,kanban/epics/01-platform-infrastructure.md:217,apps/api/package.json;apps/api/src/app.module.ts;apps/api/src/common/correlation-id.middleware.ts;apps/api/src/common/http-exception.filter.ts;apps/api/src/common/index.ts;apps/api/src/main.ts;apps/api/test/http-exception-filter.spec.ts;apps/api/tsconfig.json;packages/i18n/package.json;packages/i18n/src/index.ts;packages/shared/package.json;packages/shared/src/errors/error-codes.ts;packages/shared/src/errors/index.ts;packages/shared/src/index.ts;pnpm-lock.yaml
01-platform-infrastructure.md#T-02.01.01,"Initialize `packages/db` with Drizzle ORM, `pg`, `pg-pool`, and drizzle-kit",merged_source_evidence_acceptance_retest_required,17,False,,"F02,F22",kanban/epics/01-platform-infrastructure.md:246,.github/workflows/ci.yml;packages/db/package.json;packages/db/src/index.test.ts;packages/db/src/index.ts;packages/db/tsconfig.json;pnpm-lock.yaml
01-platform-infrastructure.md#T-02.01.02,"Create PostgreSQL pool factory with configurable pool, statement timeout, lock timeout, and idle transaction guard",merged_source_evidence_acceptance_retest_required,18,False,,"F02,F22",kanban/epics/01-platform-infrastructure.md:251,packages/db/src/index.test.ts;packages/db/src/index.ts
01-platform-infrastructure.md#T-02.01.03,Implement query timeout and cancellation via Drizzle configuration,merged_source_evidence_acceptance_retest_required,19,False,,"F02,F22",kanban/epics/01-platform-infrastructure.md:256,packages/db/src/index.test.ts;packages/db/src/index.ts
01-platform-infrastructure.md#T-02.01.04,Set up database health check endpoint for readiness probes,merged_source_evidence_acceptance_retest_required,20,False,,"F02,F22",kanban/epics/01-platform-infrastructure.md:261,packages/db/src/index.test.ts;packages/db/src/index.ts
01-platform-infrastructure.md#T-02.02.01,Create `packages/db/src/types.ts` with custom Drizzle type definitions,merged_source_evidence_acceptance_retest_required,22,False,,"F02,F22",kanban/epics/01-platform-infrastructure.md:286,packages/db/src/index.ts;packages/db/src/types.test.ts;packages/db/src/types.ts
01-platform-infrastructure.md#T-02.02.02,"Create base table factory with `id`, `createdAt`, `updatedAt` columns",merged_source_evidence_acceptance_retest_required,23,False,,"F02,F22",kanban/epics/01-platform-infrastructure.md:291,packages/db/src/base-table.test.ts;packages/db/src/base-table.ts;packages/db/src/index.ts
01-platform-infrastructure.md#T-02.02.03,Create UUIDv7 generation function migration,merged_source_evidence_acceptance_retest_required,24,False,,"F02,F22",kanban/epics/01-platform-infrastructure.md:296,packages/db/drizzle/0000_init_uuidv7_function.sql;packages/db/drizzle/0001_down_uuidv7_function.sql;packages/db/src/uuidv7-migration.test.ts
01-platform-infrastructure.md#T-02.02.04,Document and enforce column conventions in ADR,merged_source_evidence_acceptance_retest_required,27,False,,"F02,F22",kanban/epics/01-platform-infrastructure.md:301,docs/adr/001-data-types-and-conventions.md
01-platform-infrastructure.md#T-02.03.01,Configure `drizzle.config.ts` in `packages/db`,merged_source_evidence_acceptance_retest_required,79,False,,"F02,F22",kanban/epics/01-platform-infrastructure.md:325,packages/db/drizzle.config.ts
01-platform-infrastructure.md#T-02.03.02,Create migration runner script for production deployments,merged_source_evidence_acceptance_retest_required,80,False,,"F02,F22",kanban/epics/01-platform-infrastructure.md:330,packages/db/package.json;packages/db/src/migrate.ts;pnpm-lock.yaml
01-platform-infrastructure.md#T-02.03.03,Create migration validation test (clean + upgrade path),legacy_claim_requires_acceptance_evidence,,False,,"F02,F22",kanban/epics/01-platform-infrastructure.md:335,
01-platform-infrastructure.md#T-02.03.04,Implement expand/migrate/contract documentation and PR checklist,legacy_claim_requires_acceptance_evidence,,False,,"F02,F22",kanban/epics/01-platform-infrastructure.md:340,
01-platform-infrastructure.md#T-02.04.01,Create seed script `packages/db/src/seed/index.ts`,merged_source_evidence_acceptance_retest_required,81,False,,"F02,F22",kanban/epics/01-platform-infrastructure.md:364,packages/db/src/index.ts;packages/db/src/schema/products.ts;packages/db/src/seed/index.ts
01-platform-infrastructure.md#T-02.04.02,Create four default electricity products in seed,merged_source_evidence_acceptance_retest_required,82,False,,"F02,F22",kanban/epics/01-platform-infrastructure.md:369,packages/db/src/seed/index.ts;packages/i18n/src/index.ts
01-platform-infrastructure.md#T-02.04.03,Create admin bootstrap mechanism,merged_source_evidence_acceptance_retest_required,83,False,,"F02,F22",kanban/epics/01-platform-infrastructure.md:374,packages/db/drizzle/0002_add_is_admin_to_users.sql;packages/db/package.json;packages/db/src/schema/users.ts;packages/db/src/seed/index.ts;pnpm-lock.yaml
01-platform-infrastructure.md#T-02.04.04,Wire `pnpm db:seed` script in `packages/db/package.json`,merged_source_evidence_acceptance_retest_required,84,False,,"F02,F22",kanban/epics/01-platform-infrastructure.md:379,package.json;packages/db/package.json
01-platform-infrastructure.md#T-02.04.05,Add seed verification test,merged_source_evidence_acceptance_retest_required,85,False,,"F02,F22",kanban/epics/01-platform-infrastructure.md:384,packages/db/src/seed/index.ts;packages/db/src/seed/seed.test.ts
01-platform-infrastructure.md#T-02.04.06,Configure database constraint to prevent deletion of system electricity products and creation of additional electricity-product types,merged_source_evidence_acceptance_retest_required,86,False,,"F02,F22",kanban/epics/01-platform-infrastructure.md:389,packages/db/drizzle/0003_protect_system_products.sql;packages/db/src/seed/seed.test.ts
01-platform-infrastructure.md#T-03.01.01,Create `Dockerfile.web` with multi-stage build,affected_by_identified_gap,"94,30",False,"F18,F21",F22,kanban/epics/01-platform-infrastructure.md:422,.npmrc;Dockerfile.web;apps/web/healthcheck.js;apps/web/server.js;apps/web/server/index.js;apps/web/test/server.spec.ts
01-platform-infrastructure.md#T-03.01.02,"Create shared `Dockerfile.base` for API and worker (same build, different CMD)",affected_by_identified_gap,"95,31",False,"F18,F21",F22,kanban/epics/01-platform-infrastructure.md:427,Dockerfile.base;apps/api/healthcheck.js;packages/i18n/package.json
01-platform-infrastructure.md#T-03.01.03,Create `.dockerignore`,affected_by_identified_gap,"96,32",False,"F18,F21",F22,kanban/epics/01-platform-infrastructure.md:432,.dockerignore
01-platform-infrastructure.md#T-03.01.04,Add `HEALTHCHECK` instruction to all Dockerfiles,affected_by_identified_gap,"97,33",False,"F18,F21",F22,kanban/epics/01-platform-infrastructure.md:437,Dockerfile.base;Dockerfile.web;scripts/healthcheck-base.sh
01-platform-infrastructure.md#T-03.01.05,Implement security hardening in Docker images,affected_by_identified_gap,"98,34",False,"F18,F21",F22,kanban/epics/01-platform-infrastructure.md:442,Dockerfile.base;Dockerfile.web;docker-compose.prod.yml
01-platform-infrastructure.md#T-03.02.01,"Create `docker-compose.yml` with PostgreSQL, Redis, MinIO",affected_by_identified_gap,35,False,F18,F22,kanban/epics/01-platform-infrastructure.md:469,docker-compose.yml
01-platform-infrastructure.md#T-03.02.02,Create `.env.example` with all required development variables,affected_by_identified_gap,36,False,F18,F22,kanban/epics/01-platform-infrastructure.md:474,.env.example
01-platform-infrastructure.md#T-03.02.03,Create root `pnpm dev` script for hot-reload local development across all apps,affected_by_identified_gap,37,False,F18,F22,kanban/epics/01-platform-infrastructure.md:479,apps/api/package.json;packages/db/package.json;packages/i18n/package.json;packages/shared/package.json;packages/ui/package.json
01-platform-infrastructure.md#T-03.02.04,Configure file-watch with proper polling for Docker-for-Mac compatibility,affected_by_identified_gap,38,False,F18,F22,kanban/epics/01-platform-infrastructure.md:484,README.md;package.json
01-platform-infrastructure.md#T-03.03.01,Implement liveness and readiness controllers in NestJS API,affected_by_identified_gap,39,False,F18,F22,kanban/epics/01-platform-infrastructure.md:508,apps/api/src/app.controller.ts;apps/api/src/app.module.ts;apps/api/src/health/health.controller.ts;apps/api/src/health/health.module.ts;apps/api/src/health/health.service.ts
01-platform-infrastructure.md#T-03.03.02,Implement graceful `SIGTERM` handler for NestJS API and worker,affected_by_identified_gap,40,False,F18,F22,kanban/epics/01-platform-infrastructure.md:513,apps/api/src/app.module.ts;apps/api/src/common/index.ts;apps/api/src/common/shutdown.service.ts;apps/api/src/main.ts;apps/worker/package.json;apps/worker/src/main.ts;apps/worker/tsconfig.json;pnpm-lock.yaml
01-platform-infrastructure.md#T-03.03.03,Implement graceful shutdown for web frontend server,affected_by_identified_gap,41,False,"F18,F21",F22,kanban/epics/01-platform-infrastructure.md:518,apps/web/server/index.js
01-platform-infrastructure.md#T-03.03.04,Add readiness check that excludes non-critical dependencies,affected_by_identified_gap,42,False,F18,F22,kanban/epics/01-platform-infrastructure.md:523,apps/api/src/common/shutdown.service.ts;apps/api/src/health/health.controller.ts;apps/api/src/health/health.service.ts;packages/db/package.json;packages/i18n/package.json;packages/shared/package.json
01-platform-infrastructure.md#T-04.01.01,Configure PostgreSQL connection pooling strategy,merged_source_evidence_acceptance_retest_required,43,False,,F22,kanban/epics/01-platform-infrastructure.md:555,.env.example;docker-compose.yml;docs/adr/002-connection-pooling.md;packages/db/src/index.ts
01-platform-infrastructure.md#T-04.01.02,Configure automated backups with WAL archiving and PITR,merged_source_evidence_acceptance_retest_required,44,False,,F22,kanban/epics/01-platform-infrastructure.md:560,.env.example;docker-compose.yml;packages/db/scripts/backup/archive-wal.sh;packages/db/scripts/backup/backup-pg.sh;postgres-config/barghsa-postgres.conf
01-platform-infrastructure.md#T-04.01.03,Document and automate restore procedure,merged_source_evidence_acceptance_retest_required,45,False,,F22,kanban/epics/01-platform-infrastructure.md:565,packages/db/scripts/backup/restore-pg.sh
01-platform-infrastructure.md#T-04.01.04,Implement PostgreSQL performance baseline and monitoring,merged_source_evidence_acceptance_retest_required,46,False,,F22,kanban/epics/01-platform-infrastructure.md:570,apps/api/package.json;apps/api/src/app.module.ts;apps/api/src/metrics/metrics.controller.ts;apps/api/src/metrics/metrics.module.ts;apps/api/src/metrics/metrics.service.ts;packages/db/src/index.ts;packages/db/src/metrics.ts;pnpm-lock.yaml;postgres-config/alert-rules.json;postgres-config/barghsa-postgres.conf
01-platform-infrastructure.md#T-04.01.05,Quarterly restore exercise,merged_source_evidence_acceptance_retest_required,48,False,,F22,kanban/epics/01-platform-infrastructure.md:575,packages/db/package.json;packages/db/scripts/backup/verify-restore-template.sql;packages/db/scripts/backup/verify-restore.sh;packages/tsconfig/vitest.base.config.ts
01-platform-infrastructure.md#T-04.01.06,Hybrid deployment: separate managed PostgreSQL from app VM,affected_by_identified_gap,49,False,F18,F22,kanban/epics/01-platform-infrastructure.md:580,.env.example;docs/adr/003-hybrid-deployment.md;packages/db/src/index.ts
01-platform-infrastructure.md#T-04.01.07,"Encrypted off-server backup of config, secrets, and critical application files",merged_source_evidence_acceptance_retest_required,50,False,,F22,kanban/epics/01-platform-infrastructure.md:586,.env.example;docs/operations/backup/config-restore-runbook.md;packages/db/scripts/backup/backup-config.sh;packages/db/scripts/backup/restore-config.sh;packages/db/scripts/backup/verify-restore-config.sh
01-platform-infrastructure.md#T-04.02.01,Create Redis connection factory with graceful fallback,merged_source_evidence_acceptance_retest_required,51,False,,F22,kanban/epics/01-platform-infrastructure.md:609,apps/api/package.json;apps/api/src/app.module.ts;apps/api/src/health/health.service.ts;apps/api/src/redis/index.ts;apps/api/src/redis/redis.module.ts;packages/shared/package.json;packages/shared/src/index.ts;packages/shared/src/redis/index.ts;packages/shared/src/redis/redis-config.ts;packages/shared/src/redis/redis-factory.ts;pnpm-lock.yaml
01-platform-infrastructure.md#T-04.02.02,Implement distributed rate-limiting with Redis acceleration + PostgreSQL fallback,affected_by_identified_gap,52,False,F23,F22,kanban/epics/01-platform-infrastructure.md:614,apps/api/src/app.module.ts;apps/api/src/rate-limit/index.ts;apps/api/src/rate-limit/rate-limit.decorator.ts;apps/api/src/rate-limit/rate-limit.guard.ts;apps/api/src/rate-limit/rate-limit.module.ts;apps/api/src/rate-limit/rate-limit.service.ts;packages/db/src/index.ts;packages/db/src/schema/rate-limit.ts;packages/shared/package.json;packages/shared/src/index.ts;packages/shared/src/rate-limit/composite-rate-limiter.test.ts;packages/shared/src/rate-limit/composite-rate-limiter.ts;packages/shared/src/rate-limit/index.ts;packages/shared/src/rate-limit/postgres-rate-limiter.test.ts;packages/shared/src/rate-limit/postgres-rate-limiter.ts;packages/shared/src/rate-limit/types.test.ts;packages/shared/src/rate-limit/types.ts
01-platform-infrastructure.md#T-04.02.03,Implement configuration caching with clear invalidation,merged_source_evidence_acceptance_retest_required,53,False,,F22,kanban/epics/01-platform-infrastructure.md:619,apps/api/src/app.module.ts;apps/api/src/config-cache/config-cache.module.ts;apps/api/src/config-cache/config-cache.service.ts;apps/api/src/config-cache/index.ts;packages/db/package.json;packages/db/src/index.ts;packages/db/src/schema/config.ts;packages/shared/package.json;packages/shared/src/config-cache/config-cache.test.ts;packages/shared/src/config-cache/config-cache.ts;packages/shared/src/config-cache/index.ts;packages/shared/src/index.ts
01-platform-infrastructure.md#T-04.02.04,Document Redis architecture decision in ADR,merged_source_evidence_acceptance_retest_required,54,False,,F22,kanban/epics/01-platform-infrastructure.md:624,docs/adr/002-redis-scope.md
01-platform-infrastructure.md#T-04.03.01,Create S3 storage provider abstraction,merged_source_evidence_acceptance_retest_required,55,False,,F22,kanban/epics/01-platform-infrastructure.md:651,packages/shared/package.json;packages/shared/src/index.ts;packages/shared/src/storage/index.ts;packages/shared/src/storage/s3-storage-provider.ts;packages/shared/src/storage/storage-factory.ts;packages/shared/src/storage/storage-provider.ts;packages/shared/src/storage/storage.test.ts;pnpm-lock.yaml
01-platform-infrastructure.md#T-04.03.02,Implement presigned URL workflow for direct browser upload/download,merged_source_evidence_acceptance_retest_required,56,False,,F22,kanban/epics/01-platform-infrastructure.md:656,apps/api/src/app.module.ts;apps/api/src/storage/index.ts;apps/api/src/storage/storage.module.ts;apps/api/src/upload/index.ts;apps/api/src/upload/upload.config.ts;apps/api/src/upload/upload.controller.ts;apps/api/src/upload/upload.module.ts;apps/api/src/upload/upload.types.ts;apps/api/test/upload.controller.spec.ts
01-platform-infrastructure.md#T-04.03.03,Configure bucket versioning and lifecycle policies,merged_source_evidence_acceptance_retest_required,57,False,,F22,kanban/epics/01-platform-infrastructure.md:661,package.json;packages/shared/src/storage/index.ts;packages/shared/src/storage/setup-bucket.test.ts;packages/shared/src/storage/setup-bucket.ts;scripts/setup-bucket.ts
01-platform-infrastructure.md#T-04.03.04,Create admin configuration UI for storage,merged_source_evidence_acceptance_retest_required,58,False,,F22,kanban/epics/01-platform-infrastructure.md:666,apps/api/src/storage/storage-admin.controller.ts;apps/api/src/storage/storage.module.ts;apps/web/src/pages/AdminLayout.tsx;apps/web/src/pages/AdminStorageConfig.tsx;apps/web/src/routeTree.gen.ts;apps/web/src/routes/admin/storage.tsx
01-platform-infrastructure.md#T-04.03.05,Enforce immutability for signed contracts and critical records,merged_source_evidence_acceptance_retest_required,59,False,,F22,kanban/epics/01-platform-infrastructure.md:672,apps/api/src/storage/index.ts;apps/api/src/storage/storage-admin.controller.ts;apps/api/src/storage/storage-record-db-adapter.ts;apps/api/src/storage/storage-records.controller.ts;apps/api/src/storage/storage.constants.ts;apps/api/src/storage/storage.module.ts;apps/api/src/upload/upload.controller.ts;apps/api/test/upload.controller.spec.ts;packages/db/package.json;packages/db/src/index.ts;packages/db/src/schema/storage-record.ts;packages/shared/src/storage/immutable-storage.test.ts;packages/shared/src/storage/immutable-storage.ts;packages/shared/src/storage/index.ts
01-platform-infrastructure.md#T-04.04.01,Create NGINX/Caddy configuration for pilot (single-node) topology,merged_source_evidence_acceptance_retest_required,60,False,,F22,kanban/epics/01-platform-infrastructure.md:699,deploy/pilot/Caddyfile;deploy/pilot/nginx.conf
01-platform-infrastructure.md#T-04.04.02,Configure security headers in reverse proxy,merged_source_evidence_acceptance_retest_required,61,False,,F22,kanban/epics/01-platform-infrastructure.md:704,apps/api/src/app.module.ts;apps/api/src/csp-report/csp-report.controller.ts;apps/api/src/csp-report/csp-report.module.ts;apps/api/src/csp-report/csp-report.types.ts;deploy/pilot/Caddyfile;deploy/pilot/nginx.conf
01-platform-infrastructure.md#T-04.04.03,"Configure edge rate limiting for auth, upload, and AI endpoints",merged_source_evidence_acceptance_retest_required,62,False,,F22,kanban/epics/01-platform-infrastructure.md:709,deploy/pilot/Caddyfile;deploy/pilot/nginx.conf
01-platform-infrastructure.md#T-04.04.04,Configure static asset caching and CDN readiness,merged_source_evidence_acceptance_retest_required,63,False,,F22,kanban/epics/01-platform-infrastructure.md:714,deploy/pilot/Caddyfile;deploy/pilot/nginx.conf
01-platform-infrastructure.md#T-04.04.05,Implement ETag support for safe metadata endpoints,merged_source_evidence_acceptance_retest_required,64,False,,F22,kanban/epics/01-platform-infrastructure.md:720,apps/api/src/app.controller.ts;apps/api/src/common/etag.interceptor.spec.ts;apps/api/src/common/etag.interceptor.ts;apps/api/src/common/index.ts;apps/api/src/main.ts
01-platform-infrastructure.md#T-05.01.01,Create Ansible playbook or deploy script for pilot topology,no_matching_artifact_found,,True,,F22,kanban/epics/01-platform-infrastructure.md:753,
01-platform-infrastructure.md#T-05.01.02,Create `docker-compose.prod.yml` for pilot single-VM deployment,partial,,True,F18,F22,kanban/epics/01-platform-infrastructure.md:758,
01-platform-infrastructure.md#T-05.01.03,Document explicitly that single-server deployment has lower availability,needs_document_review,,True,,F22,kanban/epics/01-platform-infrastructure.md:763,
01-platform-infrastructure.md#T-05.02.01,Design and document commercial HA topology,needs_document_review,,True,,F22,kanban/epics/01-platform-infrastructure.md:790,
01-platform-infrastructure.md#T-05.02.02,Configure rolling/blue-green deployment automation for HA,no_matching_artifact_found,,True,,F22,kanban/epics/01-platform-infrastructure.md:795,
01-platform-infrastructure.md#T-05.02.03,Implement circuit breaker for external providers,partial,,True,,F22,kanban/epics/01-platform-infrastructure.md:800,
01-platform-infrastructure.md#T-05.02.04,"Configure maintenance mode per capability, not whole-application",no_matching_artifact_found,,True,,F22,kanban/epics/01-platform-infrastructure.md:805,
01-platform-infrastructure.md#T-05.03.01,"Create CI workflow definition (GitHub Actions, GitLab CI, or equivalent)",existing_implementation_revalidate,,True,,"F19,F22",kanban/epics/01-platform-infrastructure.md:837,
01-platform-infrastructure.md#T-05.03.02,Implement migration validation step (two environments),partial,,True,,"F19,F22",kanban/epics/01-platform-infrastructure.md:842,
01-platform-infrastructure.md#T-05.03.03,Implement OpenAPI generation and drift check,partial,,True,,"F19,F22",kanban/epics/01-platform-infrastructure.md:847,
01-platform-infrastructure.md#T-05.03.04,Configure security scans in PR gate,no_matching_artifact_found,,True,,"F19,F22",kanban/epics/01-platform-infrastructure.md:852,
01-platform-infrastructure.md#T-05.03.05,Implement coverage threshold enforcement,later_merged_needs_fix,121,True,,"F19,F22",kanban/epics/01-platform-infrastructure.md:857,.github/workflows/ci.yml
01-platform-infrastructure.md#T-05.04.01,Create staging gate CI workflow,no_matching_artifact_found,,True,,F22,kanban/epics/01-platform-infrastructure.md:894,
01-platform-infrastructure.md#T-05.04.02,Create production promotion workflow with canary/gradual rollout,no_matching_artifact_found,,True,,F22,kanban/epics/01-platform-infrastructure.md:899,
01-platform-infrastructure.md#T-05.04.03,Implement post-deploy smoke tests and SLO comparison,no_matching_artifact_found,,True,,F22,kanban/epics/01-platform-infrastructure.md:904,
01-platform-infrastructure.md#T-05.04.04,Create runbooks for rollback scenarios,partial,,True,,F22,kanban/epics/01-platform-infrastructure.md:909,
01-platform-infrastructure.md#T-05.05.01,Create nightly CI schedule,no_matching_artifact_found,,True,,F22,kanban/epics/01-platform-infrastructure.md:944,
01-platform-infrastructure.md#T-05.05.02,Create weekly load/performance regression test,no_matching_artifact_found,,True,,F22,kanban/epics/01-platform-infrastructure.md:949,
01-platform-infrastructure.md#T-05.05.03,Create quarterly disaster-recovery and restore exercise,operational_evidence_required,,True,,F22,kanban/epics/01-platform-infrastructure.md:954,
01-platform-infrastructure.md#T-05.05.04,Create quarterly access review and threat-model update,operational_evidence_required,,True,,F22,kanban/epics/01-platform-infrastructure.md:959,
01-platform-infrastructure.md#T-06.01.01,Initialize `packages/shared` with tsconfig and dependencies,existing_implementation_revalidate,,True,,F22,kanban/epics/01-platform-infrastructure.md:989,
01-platform-infrastructure.md#T-06.01.02,Create username validation and normalization helpers,existing_implementation_revalidate,,True,,F22,kanban/epics/01-platform-infrastructure.md:994,
01-platform-infrastructure.md#T-06.01.03,Create password validation with strength meter logic,existing_implementation_revalidate,,True,,F22,kanban/epics/01-platform-infrastructure.md:999,
01-platform-infrastructure.md#T-06.01.04,Create stable error code enum with HTTP status mapping,existing_implementation_revalidate,,True,,F22,kanban/epics/01-platform-infrastructure.md:1004,
01-platform-infrastructure.md#T-06.01.05,Create pagination helper schemas,partial,,True,,F22,kanban/epics/01-platform-infrastructure.md:1009,
01-platform-infrastructure.md#T-06.02.01,Initialize `packages/i18n` with message dictionary structure,existing_implementation_revalidate,,True,,"F20,F22",kanban/epics/01-platform-infrastructure.md:1037,
01-platform-infrastructure.md#T-06.02.02,Create Jalali calendar date utilities,partial,,True,,"F20,F22",kanban/epics/01-platform-infrastructure.md:1042,
01-platform-infrastructure.md#T-06.02.03,Create timezone-aware date/time display utilities,partial,,True,,"F20,F22",kanban/epics/01-platform-infrastructure.md:1047,
01-platform-infrastructure.md#T-06.02.04,Create logic for RTL/LTR switching based on locale,partial,,True,,"F20,F22",kanban/epics/01-platform-infrastructure.md:1052,
01-platform-infrastructure.md#T-06.02.05,Localize number/currency formatting,partial,,True,,"F20,F22",kanban/epics/01-platform-infrastructure.md:1057,
01-platform-infrastructure.md#T-06.03.01,Initialize `packages/ui` with shadcn/ui and Base UI,existing_implementation_revalidate,,True,,"F20,F22",kanban/epics/01-platform-infrastructure.md:1083,
01-platform-infrastructure.md#T-06.03.02,Create themed component set with RTL support,existing_implementation_revalidate,,True,,"F20,F22",kanban/epics/01-platform-infrastructure.md:1088,
01-platform-infrastructure.md#T-06.03.03,Implement WCAG 2.2 AA accessibility in all shared components,acceptance_gap,,True,,"F20,F22",kanban/epics/01-platform-infrastructure.md:1093,
01-platform-infrastructure.md#T-06.03.04,Create localized DatePicker component,partial,,True,,"F20,F22",kanban/epics/01-platform-infrastructure.md:1098,
01-platform-infrastructure.md#T-06.03.05,Implement theme system with admin overrides,existing_implementation_revalidate,,True,,"F20,F22",kanban/epics/01-platform-infrastructure.md:1104,
01-platform-infrastructure.md#T-06.03.06,Create loading/empty/error state components,partial,,True,,"F20,F22",kanban/epics/01-platform-infrastructure.md:1110,
01-platform-infrastructure.md#T-06.04.01,Create privacy-safe analytics abstraction with consent gate and redaction,no_matching_artifact_found,,True,,F22,kanban/epics/01-platform-infrastructure.md:1131,
01-platform-infrastructure.md#T-07.01.01,Create `pnpm setup:dev` convenience script,no_matching_artifact_found,,True,,F22,kanban/epics/01-platform-infrastructure.md:1163,
01-platform-infrastructure.md#T-07.01.02,Configure dev-mode OTP bypass and console printing,partial,,True,,F22,kanban/epics/01-platform-infrastructure.md:1168,
01-platform-infrastructure.md#T-07.01.03,Create `pnpm db:push` script for dev schema synchronization,existing_implementation_revalidate,,True,,F22,kanban/epics/01-platform-infrastructure.md:1173,
01-platform-infrastructure.md#T-07.01.04,Add environment indicator middleware,no_matching_artifact_found,,True,,F22,kanban/epics/01-platform-infrastructure.md:1178,
01-platform-infrastructure.md#T-07.02.01,Create versioned configuration store in PostgreSQL,partial,,True,,F22,kanban/epics/01-platform-infrastructure.md:1205,
01-platform-infrastructure.md#T-07.02.02,Create configuration validation framework,partial,,True,,F22,kanban/epics/01-platform-infrastructure.md:1210,
01-platform-infrastructure.md#T-07.02.03,Implement configuration rollback,partial,,True,,F22,kanban/epics/01-platform-infrastructure.md:1215,
01-platform-infrastructure.md#T-07.02.04,Create secrets encryption and masking service,partial,,True,,F22,kanban/epics/01-platform-infrastructure.md:1220,
01-platform-infrastructure.md#T-07.02.05,Implement provider configuration lifecycle with test-send,partial,,True,,F22,kanban/epics/01-platform-infrastructure.md:1225,
01-platform-infrastructure.md#T-07.03.01,Create shared ESLint configuration,no_matching_artifact_found,,True,,"F19,F22",kanban/epics/01-platform-infrastructure.md:1254,
01-platform-infrastructure.md#T-07.03.02,Configure Prettier with consistent formatting,no_matching_artifact_found,,True,,"F19,F22",kanban/epics/01-platform-infrastructure.md:1259,
01-platform-infrastructure.md#T-07.03.03,"Set up Husky, lint-staged, and commitlint",no_matching_artifact_found,,True,,"F19,F22",kanban/epics/01-platform-infrastructure.md:1264,
01-platform-infrastructure.md#T-07.03.04,Create `.editorconfig` and `.vscode` workspace settings,no_matching_artifact_found,,True,,"F19,F22",kanban/epics/01-platform-infrastructure.md:1269,
01-platform-infrastructure.md#T-07.04.01,Create incident runbooks directory (`docs/runbooks/`),partial,,True,,F22,kanban/epics/01-platform-infrastructure.md:1294,
01-platform-infrastructure.md#T-07.04.02,Create initial ADRs,existing_implementation_revalidate,,True,,F22,kanban/epics/01-platform-infrastructure.md:1299,
01-platform-infrastructure.md#T-07.04.03,Create deployment guide,partial,,True,,F22,kanban/epics/01-platform-infrastructure.md:1304,
01-platform-infrastructure.md#T-07.04.04,Create incident response plan,no_matching_artifact_found,,True,,F22,kanban/epics/01-platform-infrastructure.md:1309,
01-platform-infrastructure.md#T-07.05.01,Enforce “no external call inside a database transaction”,acceptance_gap,,True,,F22,kanban/epics/01-platform-infrastructure.md:1394,
01-platform-infrastructure.md#T-07.05.02,Generate and verify TypeScript API client contracts from OpenAPI,partial,,True,,F22,kanban/epics/01-platform-infrastructure.md:1399,
01-platform-infrastructure.md#T-07.05.03,Verify health-endpoint middleware exclusions,acceptance_gap,,True,,F22,kanban/epics/01-platform-infrastructure.md:1404,
01-platform-infrastructure.md#T-07.05.04,Document and gate module extraction criteria,needs_document_review,,True,,F22,kanban/epics/01-platform-infrastructure.md:1409,
02-auth-users-admin.md#T-01.01.01,Register route and shared auth layout,affected_by_identified_gap,68,False,F05,"F02,F20,F22",kanban/epics/02-auth-users-admin.md:11,apps/web/src/components/AuthLayout.tsx;apps/web/src/routeTree.gen.ts;apps/web/src/routes/register.tsx;packages/i18n/src/index.ts
02-auth-users-admin.md#T-01.01.02,Unified username field (email or mobile),affected_by_identified_gap,69,False,F05,"F02,F20,F22",kanban/epics/02-auth-users-admin.md:19,apps/web/src/routeTree.gen.ts;apps/web/src/routes/register.tsx;packages/i18n/src/index.ts
02-auth-users-admin.md#T-01.01.03,Password field with visibility toggle and strength meter,affected_by_identified_gap,70,False,F05,"F02,F20,F22",kanban/epics/02-auth-users-admin.md:27,apps/web/src/components/PasswordField.tsx;apps/web/src/components/strength.test.ts;apps/web/src/routes/register.tsx;packages/i18n/package.json;packages/i18n/src/index.ts;packages/ui/package.json;packages/ui/src/components/base-ui/combo-box.tsx;packages/ui/src/components/base-ui/data-table.tsx;packages/ui/src/components/base-ui/date-picker.tsx;packages/ui/src/components/base-ui/number-field.tsx;packages/ui/src/components/ui/alert.tsx;packages/ui/src/components/ui/avatar.tsx;packages/ui/src/components/ui/badge.tsx;packages/ui/src/components/ui/breadcrumb.tsx;packages/ui/src/components/ui/button.tsx;packages/ui/src/components/ui/calendar.tsx;packages/ui/src/components/ui/card.tsx;packages/ui/src/components/ui/checkbox.tsx;packages/ui/src/components/ui/command.tsx;packages/ui/src/components/ui/dialog.tsx;packages/ui/src/components/ui/dropdown-menu.tsx;packages/ui/src/components/ui/input-group.tsx;packages/ui/src/components/ui/input.tsx;packages/ui/src/components/ui/label.tsx;packages/ui/src/components/ui/popover.tsx;packages/ui/src/components/ui/progress.tsx;packages/ui/src/components/ui/radio-group.tsx;packages/ui/src/components/ui/scroll-area.tsx;packages/ui/src/components/ui/select.tsx;packages/ui/src/components/ui/separator.tsx;packages/ui/src/components/ui/sheet.tsx;packages/ui/src/components/ui/skeleton.tsx;packages/ui/src/components/ui/slider.tsx;packages/ui/src/components/ui/switch.tsx;packages/ui/src/components/ui/tabs.tsx;packages/ui/src/components/ui/textarea.tsx;packages/ui/src/components/ui/toast.tsx;packages/ui/src/components/ui/tooltip.tsx
02-auth-users-admin.md#T-01.01.04,TOS acceptance checkbox,affected_by_identified_gap,71,False,F05,"F02,F20,F22",kanban/epics/02-auth-users-admin.md:35,apps/web/src/routes/register.tsx;packages/i18n/src/index.ts
02-auth-users-admin.md#T-01.01.05,"""Back to login"" and ""Forgot password?"" links",affected_by_identified_gap,72,False,F05,"F02,F20,F22",kanban/epics/02-auth-users-admin.md:43,apps/web/src/routes/register.tsx;packages/i18n/src/index.ts
02-auth-users-admin.md#T-01.01.06,Registration form submission and error handling,affected_by_identified_gap,73,False,F05,"F02,F20,F22",kanban/epics/02-auth-users-admin.md:51,apps/api/src/app.module.ts;apps/api/src/auth/auth.controller.ts;apps/api/src/auth/auth.module.ts;apps/api/src/auth/auth.service.spec.ts;apps/api/src/auth/auth.service.ts;apps/api/src/auth/dto/register.dto.ts;apps/api/src/auth/index.ts;apps/api/src/common/http-exception.filter.ts;apps/api/test/auth.service.spec.ts;apps/web/package.json;apps/web/src/components/PasswordField.tsx;apps/web/src/routes/register.tsx;packages/i18n/src/index.ts;packages/shared/src/errors/error-codes.ts;pnpm-lock.yaml
02-auth-users-admin.md#T-01.02.01,OTP backend generation and sending,affected_by_identified_gap,74,False,"F05,F23","F02,F20,F22",kanban/epics/02-auth-users-admin.md:61,apps/api/src/auth/auth.controller.ts;apps/api/src/auth/auth.module.ts;apps/api/src/auth/auth.service.ts;apps/api/src/auth/dto/otp.dto.ts;apps/api/src/auth/index.ts;apps/api/src/auth/otp.service.spec.ts;apps/api/src/auth/otp.service.ts;apps/api/test/auth.service.spec.ts;packages/db/src/index.ts;packages/db/src/schema/otp-challenge.ts;packages/shared/src/errors/error-codes.ts
02-auth-users-admin.md#T-01.02.02,OTP input UI with resend,affected_by_identified_gap,75,False,"F05,F23","F02,F20,F22",kanban/epics/02-auth-users-admin.md:69,apps/web/src/components/OtpInput.tsx;apps/web/src/routeTree.gen.ts;apps/web/src/routes/register.tsx;apps/web/src/routes/register/index.tsx;apps/web/src/routes/register/verify.tsx;packages/i18n/src/index.ts;packages/ui/src/styles.css
02-auth-users-admin.md#T-01.02.03,OTP verification and user creation,affected_by_identified_gap,76,False,"F05,F23","F02,F20,F22",kanban/epics/02-auth-users-admin.md:77,apps/api/package.json;apps/api/src/auth/auth.controller.ts;apps/api/src/auth/auth.service.ts;apps/api/src/auth/dto/otp.dto.ts;apps/api/src/auth/index.ts;apps/api/src/auth/otp.service.spec.ts;apps/api/src/auth/otp.service.ts;apps/api/test/auth.service.spec.ts;apps/web/src/lib/csrf.ts;apps/web/src/routes/register/verify.tsx;packages/db/src/index.ts;packages/db/src/schema/otp-challenge.ts;packages/db/src/schema/sessions.ts;packages/db/src/schema/users.ts;packages/shared/src/errors/error-codes.ts;pnpm-lock.yaml
02-auth-users-admin.md#T-02.01.01,Login page UI,affected_by_identified_gap,77,False,"F03,F05","F02,F22",kanban/epics/02-auth-users-admin.md:91,apps/web/src/components/PasswordField.tsx;apps/web/src/routeTree.gen.ts;apps/web/src/routes/login.tsx;packages/i18n/src/index.ts
02-auth-users-admin.md#T-02.01.02,Login authentication flow,affected_by_identified_gap,78,False,"F03,F05,F23","F02,F22",kanban/epics/02-auth-users-admin.md:99,apps/api/src/auth/auth.controller.ts;apps/api/src/auth/auth.service.spec.ts;apps/api/src/auth/auth.service.ts;apps/api/src/auth/dto/login.dto.ts;apps/api/src/auth/index.ts;packages/shared/src/errors/error-codes.ts
02-auth-users-admin.md#T-02.01.03,Login OTP verification,affected_by_identified_gap,87,False,"F03,F05","F02,F22",kanban/epics/02-auth-users-admin.md:107,apps/api/src/auth/auth.controller.ts;apps/api/src/auth/auth.service.spec.ts;apps/api/src/auth/auth.service.ts;apps/api/src/auth/dto/login.dto.ts;apps/api/src/auth/index.ts;apps/api/src/auth/otp.service.spec.ts;apps/api/src/auth/otp.service.ts;apps/web/src/lib/csrf.ts;apps/web/src/routes/login.tsx;packages/db/src/index.ts;packages/db/src/schema/device-trust.ts;packages/db/src/schema/otp-challenge.ts;packages/i18n/src/index.ts
02-auth-users-admin.md#T-02.01.04,Password change enforcement on login,affected_by_identified_gap,88,False,"F03,F05","F02,F22",kanban/epics/02-auth-users-admin.md:115,apps/api/src/auth/auth.controller.ts;apps/api/src/auth/auth.service.ts;apps/api/src/auth/dto/force-change-password.dto.ts;apps/api/src/auth/dto/login.dto.ts;apps/api/src/auth/index.ts;apps/web/src/routes/login.tsx;packages/db/src/index.ts;packages/db/src/schema/password-history.ts;packages/db/src/schema/users.ts;packages/i18n/src/index.ts;packages/shared/src/errors/error-codes.ts
02-auth-users-admin.md#T-02.02.01,Session creation and cookie management,affected_by_identified_gap,89,False,F03,"F02,F22",kanban/epics/02-auth-users-admin.md:125,apps/api/src/app.module.ts;apps/api/src/auth/auth.controller.ts;apps/api/src/auth/auth.module.ts;apps/api/src/auth/auth.service.ts;apps/api/src/auth/dto/login.dto.ts;apps/api/src/auth/dto/otp.dto.ts;apps/api/src/session/cookie.helper.test.ts;apps/api/src/session/cookie.helper.ts;apps/api/src/session/index.ts;apps/api/src/session/session.guard.test.ts;apps/api/src/session/session.guard.ts;apps/api/src/session/session.module.ts;apps/api/src/session/session.service.test.ts;apps/api/src/session/session.service.ts;apps/api/test/auth.service.spec.ts;packages/db/src/index.ts;packages/db/src/schema/refresh-tokens.ts;packages/db/src/schema/sessions.ts;packages/db/src/seed/seed.test.ts
02-auth-users-admin.md#T-02.02.02,Session revocation,affected_by_identified_gap,90,False,F03,"F02,F22",kanban/epics/02-auth-users-admin.md:133,apps/api/src/session/session.controller.test.ts;apps/api/src/session/session.controller.ts;apps/api/src/session/session.module.ts;apps/api/src/session/session.service.ts;apps/web/src/routeTree.gen.ts;packages/i18n/src/index.ts
02-auth-users-admin.md#T-02.02.03,CSRF protection,affected_by_identified_gap,91,False,F03,"F02,F22",kanban/epics/02-auth-users-admin.md:141,apps/api/src/auth/auth.controller.ts;apps/api/src/session/cookie.helper.ts;apps/api/src/session/csrf.guard.test.ts;apps/api/src/session/csrf.guard.ts;apps/api/src/session/index.ts;apps/api/src/session/session.module.ts;apps/web/src/pages/AdminStorageConfig.tsx;apps/web/src/routes/login.tsx;packages/shared/src/errors/error-codes.ts
02-auth-users-admin.md#T-02.02.04,Step-up authentication for sensitive actions,affected_by_identified_gap,92,False,F03,"F02,F22",kanban/epics/02-auth-users-admin.md:149,apps/api/src/auth/auth.controller.ts;apps/api/src/session/index.ts;apps/api/src/session/session.guard.ts;apps/api/src/session/session.service.ts;apps/api/src/session/step-up.guard.test.ts;apps/api/src/session/step-up.guard.ts;packages/db/drizzle/0004_add_step_up_verified_at.sql;packages/db/src/schema/sessions.ts;packages/shared/src/errors/error-codes.ts
02-auth-users-admin.md#T-02.03.01,Forgot password request UI,affected_by_identified_gap,93,False,F05,"F02,F22",kanban/epics/02-auth-users-admin.md:159,apps/api/src/auth/auth.controller.ts;apps/api/src/auth/auth.service.ts;apps/api/src/auth/dto/forgot-password.dto.ts;apps/web/src/routeTree.gen.ts;apps/web/src/routes/forgot-password.tsx;packages/i18n/src/index.ts;packages/shared/src/errors/error-codes.ts
02-auth-users-admin.md#T-02.03.02,OTP verification and password reset,affected_by_identified_gap,99,False,F05,"F02,F22",kanban/epics/02-auth-users-admin.md:167,apps/api/src/auth/auth.controller.ts;apps/api/src/auth/auth.service.ts;apps/api/src/auth/dto/reset-password.dto.ts;packages/db/drizzle/0005_create_audit_log.sql;packages/db/src/index.ts;packages/db/src/schema/audit-log.ts
02-auth-users-admin.md#T-02.03.03,Account recovery support path,affected_by_identified_gap,100,False,F05,"F02,F22",kanban/epics/02-auth-users-admin.md:175,apps/web/src/routeTree.gen.ts;apps/web/src/routes/forgot-password.tsx;apps/web/src/routes/support.tsx;packages/i18n/src/index.ts
02-auth-users-admin.md#T-02.04.01,Auth rate limit enforcement,affected_by_identified_gap,101,False,F23,"F02,F22",kanban/epics/02-auth-users-admin.md:185,apps/api/src/auth/auth.controller.ts;apps/api/src/auth/auth.service.ts;apps/api/src/rate-limit/rate-limit.guard.ts;apps/api/src/rate-limit/rate-limit.service.ts;packages/i18n/src/index.ts;packages/shared/src/rate-limit/composite-rate-limiter.ts;packages/shared/src/rate-limit/postgres-rate-limiter.ts
02-auth-users-admin.md#T-03.01.01,App-level profile check middleware,affected_by_identified_gap,102,False,F03,"F02,F20,F22",kanban/epics/02-auth-users-admin.md:205,apps/api/src/app.module.ts;apps/api/src/profiles/index.ts;apps/api/src/profiles/profiles.controller.ts;apps/api/src/profiles/profiles.module.ts;apps/api/src/profiles/profiles.service.ts;apps/web/src/routeTree.gen.ts;apps/web/src/routes/__root.tsx;apps/web/src/routes/onboarding.tsx;packages/db/src/index.ts;packages/db/src/schema/profiles.ts;packages/i18n/src/index.ts
02-auth-users-admin.md#T-03.01.02,Profile verification check after login,affected_by_identified_gap,103,False,"F03,F06","F02,F20,F22",kanban/epics/02-auth-users-admin.md:213,apps/api/src/profiles/index.ts;apps/api/src/profiles/profiles.controller.ts;apps/api/src/profiles/profiles.guard.test.ts;apps/api/src/profiles/profiles.guard.ts;apps/api/src/profiles/profiles.module.ts;apps/api/src/profiles/profiles.service.test.ts;apps/api/src/profiles/profiles.service.ts;apps/web/src/components/VerificationBanner.tsx;apps/web/src/routes/__root.tsx;packages/i18n/src/index.ts;packages/shared/src/errors/error-codes.ts
02-auth-users-admin.md#T-03.02.01,Profile type selection (Individual vs Legal),affected_by_identified_gap,104,False,F06,"F02,F20,F22",kanban/epics/02-auth-users-admin.md:223,apps/api/src/profiles/index.ts;apps/api/src/profiles/onboarding.controller.ts;apps/api/src/profiles/profiles.module.ts;apps/api/src/profiles/profiles.service.test.ts;apps/api/src/profiles/profiles.service.ts;apps/web/src/routes/onboarding.tsx;packages/i18n/src/index.ts
02-auth-users-admin.md#T-03.02.02,Individual profile form,affected_by_identified_gap,105,False,F06,"F02,F20,F22",kanban/epics/02-auth-users-admin.md:231,apps/api/src/app.module.ts;apps/api/src/geography/geography.controller.ts;apps/api/src/geography/geography.module.ts;apps/api/src/geography/geography.service.ts;apps/api/src/profiles/onboarding.controller.ts;apps/api/src/profiles/profiles.service.ts;apps/web/src/routeTree.gen.ts;apps/web/src/routes/onboarding.tsx;apps/web/src/routes/onboarding/individual/$profileId.tsx;packages/db/src/index.ts;packages/db/src/schema/addresses.ts;packages/db/src/schema/geography.ts;packages/db/src/schema/profiles.ts;packages/db/src/seed/index.ts;packages/db/src/seed/seed.test.ts;packages/i18n/src/index.ts;packages/shared/package.json;packages/shared/src/index.ts;packages/shared/src/validation/index.ts;packages/shared/src/validation/validation.test.ts
02-auth-users-admin.md#T-03.02.03,Legal profile form,affected_by_identified_gap,"108,106",False,F06,"F02,F20,F22",kanban/epics/02-auth-users-admin.md:247,apps/api/src/geography/geography.controller.ts;apps/api/src/geography/geography.service.test.ts;apps/api/src/geography/geography.service.ts;apps/web/src/routeTree.gen.ts;apps/web/src/routes/onboarding.tsx;apps/web/src/routes/onboarding/legal/$profileId.tsx;packages/i18n/src/index.ts
02-auth-users-admin.md#T-03.02.04,Onboarding completion and redirect,affected_by_identified_gap,107,False,F06,"F02,F20,F22",kanban/epics/02-auth-users-admin.md:266,apps/api/src/profiles/onboarding.controller.ts;apps/api/src/profiles/profiles.service.test.ts;apps/api/src/profiles/profiles.service.ts;apps/web/src/routeTree.gen.ts;apps/web/src/routes/onboarding/complete.tsx;apps/web/src/routes/onboarding/individual/$profileId.tsx;packages/i18n/src/index.ts
02-auth-users-admin.md#T-03.03.01,Profile switcher in sidebar,affected_by_identified_gap,109,False,F07,"F02,F20,F22",kanban/epics/02-auth-users-admin.md:276,apps/api/src/profiles/profiles.controller.ts;apps/api/src/profiles/profiles.service.test.ts;apps/api/src/profiles/profiles.service.ts;apps/web/src/components/ProfileSwitcher.tsx;apps/web/src/pages/DashboardLayout.tsx;apps/web/src/routeTree.gen.ts;apps/web/src/routes/_app.tsx;apps/web/src/routes/_app/ai.tsx;apps/web/src/routes/_app/charts.tsx;apps/web/src/routes/_app/documents.tsx;apps/web/src/routes/_app/electricity/index.tsx;apps/web/src/routes/_app/electricity/order.tsx;apps/web/src/routes/_app/savings.tsx;apps/web/src/routes/_app/settings/index.tsx;apps/web/src/routes/_app/settings/security.tsx;apps/web/src/routes/_app/videos.tsx;apps/web/src/routes/_app/wallet.tsx;packages/i18n/src/index.ts
02-auth-users-admin.md#T-03.03.02,Default profile selection,affected_by_identified_gap,110,False,F07,"F02,F20,F22",kanban/epics/02-auth-users-admin.md:284,apps/web/src/components/DefaultProfileModal.tsx;apps/web/src/hooks/useLocale.ts;apps/web/src/routes/__root.tsx;packages/i18n/src/index.ts
02-auth-users-admin.md#T-03.03.03,Profile settings page,affected_by_identified_gap,111,False,F08,"F02,F20,F22",kanban/epics/02-auth-users-admin.md:292,apps/api/src/profiles/profiles.controller.ts;apps/api/src/profiles/profiles.service.ts;apps/web/src/routeTree.gen.ts;apps/web/src/routes/_app/settings/profile.tsx;packages/i18n/src/index.ts
02-auth-users-admin.md#T-03.03.04,Username/contact changes,affected_by_identified_gap,112,False,F05,"F02,F20,F22",kanban/epics/02-auth-users-admin.md:300,.hermes/plans/profile-settings-t-03-03-03.md;apps/api/src/auth/auth.controller.ts;apps/api/src/auth/auth.service.ts;apps/api/src/auth/dto/add-contact.dto.ts;apps/api/src/auth/dto/change-username.dto.ts;apps/web/src/routeTree.gen.ts;apps/web/src/routes/_app/settings/username.tsx;packages/db/src/schema/users.ts;packages/i18n/src/index.ts;packages/shared/src/errors/error-codes.ts
02-auth-users-admin.md#T-03.03.05,Notification channel preferences,merged_source_evidence_acceptance_retest_required,113,False,,"F02,F20,F22",kanban/epics/02-auth-users-admin.md:308,apps/api/src/app.module.ts;apps/api/src/user-settings/index.ts;apps/api/src/user-settings/user-settings.controller.ts;apps/api/src/user-settings/user-settings.module.ts;apps/web/src/routes/_app/settings/index.tsx;packages/db/src/schema/users.ts;packages/i18n/src/index.ts
02-auth-users-admin.md#T-03.03.06,Timezone settings,affected_by_identified_gap,114,False,F11,"F02,F20,F22",kanban/epics/02-auth-users-admin.md:316,apps/api/src/user-settings/user-settings.controller.test.ts;apps/api/src/user-settings/user-settings.controller.ts;apps/web/src/routeTree.gen.ts;apps/web/src/routes/_app/settings/index.tsx;apps/web/src/routes/_app/settings/timezone.tsx;packages/db/src/schema/users.ts;packages/i18n/src/index.ts
02-auth-users-admin.md#T-03.04.01,Address CRUD for current profile,affected_by_identified_gap,115,False,F08,"F02,F20,F22",kanban/epics/02-auth-users-admin.md:326,apps/api/src/profiles/profiles.controller.ts;apps/api/src/profiles/profiles.service.test.ts;apps/api/src/profiles/profiles.service.ts;apps/web/src/routeTree.gen.ts;apps/web/src/routes/_app/settings/addresses.tsx;apps/web/src/routes/_app/settings/index.tsx;packages/i18n/src/index.ts
02-auth-users-admin.md#T-03.04.02,Address in order flow,affected_by_identified_gap,116,False,F08,"F02,F20,F22",kanban/epics/02-auth-users-admin.md:334,apps/api/src/app.module.ts;apps/api/src/orders/index.ts;apps/api/src/orders/orders.controller.test.ts;apps/api/src/orders/orders.controller.ts;apps/api/src/orders/orders.module.ts;apps/api/src/orders/orders.service.test.ts;apps/api/src/orders/orders.service.ts;apps/api/src/orders/products.controller.ts;apps/web/src/routes/_app/electricity/order.tsx;packages/db/drizzle/0006_create_orders.sql;packages/db/src/index.ts;packages/db/src/schema/orders.ts;packages/i18n/src/index.ts
02-auth-users-admin.md#T-04.01.01,Public TOS page,affected_by_identified_gap,117,False,F05,"F02,F22",kanban/epics/02-auth-users-admin.md:348,apps/api/src/app.module.ts;apps/api/src/tos/tos.controller.ts;apps/api/src/tos/tos.module.ts;apps/api/src/tos/tos.service.test.ts;apps/api/src/tos/tos.service.ts;apps/web/src/routeTree.gen.ts;apps/web/src/routes/terms.tsx;packages/db/drizzle/0007_create_tos_versions.sql;packages/db/src/index.ts;packages/db/src/schema/tos-versions.ts;packages/i18n/src/index.ts
02-auth-users-admin.md#T-04.01.02,TOS acceptance storage,affected_by_identified_gap,118,False,F05,"F02,F22",kanban/epics/02-auth-users-admin.md:356,apps/api/src/auth/auth.controller.ts;apps/api/src/auth/auth.service.ts;apps/api/src/tos/tos.controller.ts;apps/api/src/tos/tos.module.ts;apps/api/src/tos/tos.service.test.ts;apps/api/src/tos/tos.service.ts;packages/db/drizzle/0008_create_tos_acceptances.sql;packages/db/src/index.ts;packages/db/src/schema/tos-acceptances.ts;packages/db/src/seed/seed.test.ts
02-auth-users-admin.md#T-04.01.03,TOS re-acceptance flow,affected_by_identified_gap,119,False,F05,"F02,F22",kanban/epics/02-auth-users-admin.md:364,apps/api/src/auth/auth.module.ts;apps/api/src/auth/auth.service.ts;apps/api/src/tos/tos.service.test.ts;apps/api/src/tos/tos.service.ts;apps/web/src/components/TosBanner.tsx;apps/web/src/pages/AdminLayout.tsx;apps/web/src/pages/DashboardLayout.tsx;packages/i18n/src/index.ts
02-auth-users-admin.md#T-05.01.01,CRM users list page,affected_by_identified_gap,120,False,F15,"F02,F22",kanban/epics/02-auth-users-admin.md:378,apps/api/src/app.module.ts;apps/api/src/crm/crm.controller.ts;apps/api/src/crm/crm.module.ts;apps/api/src/crm/crm.service.test.ts;apps/api/src/crm/crm.service.ts;apps/api/src/crm/index.ts
02-auth-users-admin.md#T-05.01.02,CRM filters and search,affected_by_identified_gap,122,False,F15,"F02,F22",kanban/epics/02-auth-users-admin.md:386,apps/api/src/crm/crm.controller.ts;apps/api/src/crm/crm.service.test.ts;apps/api/src/crm/crm.service.ts;apps/api/vitest.config.ts;packages/tsconfig/vitest.base.config.ts
02-auth-users-admin.md#T-05.02.01,Full profile view for CRM staff,affected_by_identified_gap,123,False,F15,"F02,F22",kanban/epics/02-auth-users-admin.md:396,apps/api/src/crm/crm-v2.controller.ts;apps/api/src/crm/crm-v2.service.test.ts;apps/api/src/crm/crm-v2.service.ts;apps/api/src/crm/crm.module.ts;apps/api/src/crm/index.ts;apps/web/src/pages/AdminLayout.tsx;apps/web/src/pages/CrmLayout.tsx;apps/web/src/pages/CrmProfileDetail.tsx;apps/web/src/routeTree.gen.ts;apps/web/src/routes/admin/crm.tsx;apps/web/src/routes/admin/crm/profiles.$profileId.tsx;packages/i18n/src/index.ts
02-auth-users-admin.md#T-05.02.02,Staff profile editing,affected_by_identified_gap,124,False,F15,"F02,F22",kanban/epics/02-auth-users-admin.md:404,apps/api/src/crm/crm-v2.controller.ts;apps/api/src/crm/crm-v2.service.test.ts;apps/api/src/crm/crm-v2.service.ts;apps/web/src/pages/CrmProfileDetail.tsx;packages/i18n/src/index.ts
02-auth-users-admin.md#T-05.02.03,Verification state management,affected_by_identified_gap,125,False,"F06,F11,F15","F02,F22",kanban/epics/02-auth-users-admin.md:412,apps/api/src/crm/crm-v2.controller.ts;apps/api/src/crm/crm-v2.service.test.ts;apps/api/src/crm/crm-v2.service.ts;packages/i18n/src/index.ts
02-auth-users-admin.md#T-05.02.04,Force password change and session expiry,affected_by_identified_gap,126,False,F15,"F02,F22",kanban/epics/02-auth-users-admin.md:420,apps/api/src/crm/crm-v2.controller.ts;apps/api/src/crm/crm-v2.service.test.ts;apps/api/src/crm/crm-v2.service.ts;apps/web/src/pages/CrmProfileDetail.tsx;packages/i18n/src/index.ts
02-auth-users-admin.md#T-05.02.05,Identity correction through verification case,affected_by_identified_gap,127,False,F15,"F02,F22",kanban/epics/02-auth-users-admin.md:428,apps/api/src/crm/crm.module.ts;apps/api/src/crm/index.ts;apps/api/src/crm/verification-case.controller.ts;apps/api/src/crm/verification-case.service.test.ts;apps/api/src/crm/verification-case.service.ts;packages/db/src/index.ts;packages/db/src/schema/verification-cases.ts
02-auth-users-admin.md#T-05.02.06,Profile deletion by staff,affected_by_identified_gap,128,False,F15,"F02,F22",kanban/epics/02-auth-users-admin.md:436,apps/api/src/crm/crm-v2.controller.ts;apps/api/src/crm/crm-v2.service.spec.ts;apps/api/src/crm/crm-v2.service.ts;packages/db/drizzle/0009_add_archived_to_profiles.sql;packages/db/src/schema/profiles.ts;packages/shared/src/errors/error-codes.ts
02-auth-users-admin.md#T-05.03.01,Create staff user,affected_by_identified_gap,129,False,F04,"F02,F22",kanban/epics/02-auth-users-admin.md:446,apps/api/src/admin/admin.controller.ts;apps/api/src/admin/admin.module.ts;apps/api/src/admin/admin.service.test.ts;apps/api/src/admin/admin.service.ts;apps/api/src/admin/index.ts;apps/api/src/app.module.ts;packages/db/src/schema/users.ts
02-auth-users-admin.md#T-05.03.02,Staff role assignment,affected_by_identified_gap,130,False,F04,"F02,F22",kanban/epics/02-auth-users-admin.md:454,apps/api/src/admin/admin.controller.ts;apps/api/src/admin/admin.service.test.ts;apps/api/src/admin/admin.service.ts;apps/api/src/admin/index.ts;packages/db/src/index.ts;packages/db/src/schema/staff-roles.ts
02-auth-users-admin.md#T-05.04.01,Agent list for legal entity,affected_by_identified_gap,131,False,F07,"F02,F22",kanban/epics/02-auth-users-admin.md:464,apps/api/src/profiles/agents.controller.test.ts;apps/api/src/profiles/agents.controller.ts;apps/api/src/profiles/agents.service.test.ts;apps/api/src/profiles/agents.service.ts;apps/api/src/profiles/index.ts;apps/api/src/profiles/profiles.module.ts;packages/db/src/index.ts;packages/db/src/schema/profile-agents.ts;packages/db/src/schema/profile-invitations.ts
02-auth-users-admin.md#T-05.04.02,Agent invitation flow,affected_by_identified_gap,132,False,F07,"F02,F22",kanban/epics/02-auth-users-admin.md:472,apps/api/src/auth/auth.service.ts;apps/api/src/profiles/agents.controller.ts;apps/api/src/profiles/agents.service.test.ts;apps/api/src/profiles/agents.service.ts;packages/shared/src/validation/index.ts;packages/shared/src/validation/normalize-username.ts;packages/shared/src/validation/validation.test.ts
02-auth-users-admin.md#T-05.04.03,Accept/decline invitation,affected_by_identified_gap,133,False,F07,"F02,F22",kanban/epics/02-auth-users-admin.md:480,apps/api/src/profiles/agents.service.test.ts;apps/api/src/profiles/agents.service.ts;apps/api/src/profiles/invitations.controller.ts;apps/api/src/profiles/profiles.module.ts;apps/web/src/components/InvitationBanner.tsx;apps/web/src/pages/DashboardLayout.tsx;packages/i18n/src/index.ts
02-auth-users-admin.md#T-05.04.04,Agent role permissions enforcement,affected_by_identified_gap,134,False,"F04,F07","F02,F22",kanban/epics/02-auth-users-admin.md:488,apps/api/src/profiles/agent-permission.decorator.ts;apps/api/src/profiles/agent-role.guard.test.ts;apps/api/src/profiles/agent-role.guard.ts;apps/api/src/profiles/agents.service.ts;apps/api/src/profiles/index.ts;apps/api/src/profiles/profiles.module.ts;packages/shared/package.json;packages/shared/src/agent-permissions/agent-permissions.test.ts;packages/shared/src/agent-permissions/index.ts;packages/shared/src/index.ts
02-auth-users-admin.md#T-05.04.05,Ownership transfer,affected_by_identified_gap,135,False,F07,"F02,F22",kanban/epics/02-auth-users-admin.md:503,apps/api/src/profiles/agents.service.test.ts;apps/api/src/profiles/agents.service.ts;apps/api/src/profiles/profiles.controller.ts;packages/db/src/index.ts;packages/db/src/schema/profile-ownership-transfers.ts
02-auth-users-admin.md#T-05.05.01,Profiles awaiting verification widget,affected_by_identified_gap,136,False,F15,"F02,F22",kanban/epics/02-auth-users-admin.md:513,apps/api/src/crm/crm-v2.controller.ts;apps/api/src/crm/crm-v2.service.ts;apps/web/src/pages/AdminDashboard.tsx;apps/web/src/pages/CrmProfileList.tsx;apps/web/src/routeTree.gen.ts;apps/web/src/routes/admin/crm/index.tsx;packages/i18n/src/index.ts
02-auth-users-admin.md#T-05.05.02,Agent invitation dashboard widget,affected_by_identified_gap,137,False,F07,"F02,F22",kanban/epics/02-auth-users-admin.md:521,apps/web/src/components/InvitationBanner.tsx
02-auth-users-admin.md#T-06.01.01,Ticket creation,affected_by_identified_gap,138,False,F16,"F02,F22",kanban/epics/02-auth-users-admin.md:535,apps/api/src/app.module.ts;apps/api/src/tickets/index.ts;apps/api/src/tickets/tickets.controller.ts;apps/api/src/tickets/tickets.module.ts;apps/api/src/tickets/tickets.service.test.ts;apps/api/src/tickets/tickets.service.ts;packages/db/drizzle/0010_create_tickets.sql;packages/db/src/index.ts;packages/db/src/schema/tickets.ts
02-auth-users-admin.md#T-06.01.02,Ticket list and detail view,affected_by_identified_gap,139,False,F16,"F02,F22",kanban/epics/02-auth-users-admin.md:543,apps/api/src/tickets/tickets.controller.ts;apps/api/src/tickets/tickets.service.test.ts;apps/api/src/tickets/tickets.service.ts;packages/db/drizzle/0011_create_ticket_comments.sql;packages/db/src/index.ts;packages/db/src/schema/ticket-comments.ts
02-auth-users-admin.md#T-06.01.03,Staff ticket management,affected_by_identified_gap,140,False,F16,"F02,F22",kanban/epics/02-auth-users-admin.md:551,apps/api/src/tickets/index.ts;apps/api/src/tickets/staff-tickets.controller.ts;apps/api/src/tickets/tickets.module.ts;apps/api/src/tickets/tickets.service.test.ts;apps/api/src/tickets/tickets.service.ts;packages/db/drizzle/0012_add_assigned_to_tickets.sql;packages/db/src/schema/tickets.ts
02-auth-users-admin.md#T-07.01.01,Verification mode setting,affected_by_identified_gap,141,False,F06,"F02,F22",kanban/epics/02-auth-users-admin.md:572,apps/api/src/admin/admin.controller.ts;apps/api/src/admin/admin.service.test.ts;apps/api/src/admin/admin.service.ts;apps/web/src/pages/AdminLayout.tsx;apps/web/src/pages/AdminVerificationConfig.tsx;apps/web/src/routeTree.gen.ts;apps/web/src/routes/admin/verification.tsx;packages/db/drizzle/0013_seed_profile_verification_config.sql
02-auth-users-admin.md#T-07.01.02,API-based auto-verification integration,affected_by_identified_gap,142,False,F06,"F02,F22",kanban/epics/02-auth-users-admin.md:580,apps/api/src/app.module.ts;apps/api/src/verification/circuit-breaker.test.ts;apps/api/src/verification/circuit-breaker.ts;apps/api/src/verification/provider-registry.test.ts;apps/api/src/verification/provider-registry.ts;apps/api/src/verification/provider.interface.ts;apps/api/src/verification/providers/stub.provider.ts;apps/api/src/verification/verification-provider.controller.ts;apps/api/src/verification/verification-provider.service.ts;apps/api/src/verification/verification.module.ts;packages/shared/package.json;packages/shared/src/index.ts;packages/shared/src/verification/errors.ts;packages/shared/src/verification/index.ts;packages/shared/src/verification/types.ts
02-auth-users-admin.md#T-07.01.03,Verification notification to user,affected_by_identified_gap,146,False,"F06,F09,F11","F02,F22",kanban/epics/02-auth-users-admin.md:588,apps/api/src/app.module.ts;apps/api/src/crm/crm-v2.service.test.ts;apps/api/src/crm/crm-v2.service.ts;apps/api/src/crm/crm.module.ts;apps/api/src/notifications/index.ts;apps/api/src/notifications/notifications.controller.ts;apps/api/src/notifications/notifications.module.ts;apps/api/src/notifications/notifications.service.ts;apps/api/src/profiles/legal-profiles.service.test.ts;apps/api/src/profiles/profiles.module.ts;apps/api/src/profiles/profiles.service.test.ts;apps/api/src/profiles/profiles.service.ts;apps/api/src/verification/verification.module.ts;packages/db/drizzle/0016_create_notifications.sql;packages/db/drizzle/meta/_journal.json;packages/db/src/index.ts;packages/db/src/schema/notifications.ts
02-auth-users-admin.md#T-08.01.01,Dashboard page layout,merged_source_evidence_acceptance_retest_required,143,False,,"F02,F20,F22",kanban/epics/02-auth-users-admin.md:602,apps/api/src/app.module.ts;apps/api/src/dashboard/dashboard.controller.ts;apps/api/src/dashboard/dashboard.module.ts;apps/api/src/verification/verification.module.ts;apps/web/src/pages/DashboardLayout.tsx;apps/web/src/pages/DashboardPage.tsx;apps/web/src/routeTree.gen.ts;apps/web/src/routes/_app/dashboard.tsx;packages/i18n/src/index.ts
02-auth-users-admin.md#T-08.01.02,Wallet balance card,merged_source_evidence_acceptance_retest_required,153,False,,"F02,F20,F22",kanban/epics/02-auth-users-admin.md:610,apps/web/src/components/WalletBalanceCard.tsx;apps/web/src/pages/DashboardPage.tsx;packages/i18n/src/index.ts
02-auth-users-admin.md#T-08.01.03,Quick status cards,merged_source_evidence_acceptance_retest_required,154,False,,"F02,F20,F22",kanban/epics/02-auth-users-admin.md:618,apps/api/src/dashboard/dashboard.controller.ts;apps/api/src/dashboard/dashboard.module.ts;apps/api/src/dashboard/dashboard.service.test.ts;apps/api/src/dashboard/dashboard.service.ts;apps/web/src/components/QuickStatusCards.tsx;apps/web/src/pages/DashboardPage.tsx
02-auth-users-admin.md#T-09.01.01,Branding settings page,merged_source_evidence_acceptance_retest_required,155,False,,"F02,F20,F22",kanban/epics/02-auth-users-admin.md:632,apps/api/src/admin/admin.controller.ts;apps/api/src/admin/admin.module.ts;apps/api/src/admin/brand-config.service.test.ts;apps/api/src/admin/brand-config.service.ts;apps/web/src/pages/AdminBrandingConfig.tsx;apps/web/src/pages/AdminLayout.tsx;apps/web/src/routeTree.gen.ts;apps/web/src/routes/admin/branding.tsx;packages/db/drizzle/0020_create_brand_config.sql;packages/db/drizzle/meta/_journal.json
02-auth-users-admin.md#T-09.01.02,Theme application,merged_source_evidence_acceptance_retest_required,156,False,,"F02,F20,F22",kanban/epics/02-auth-users-admin.md:640,apps/api/src/app.module.ts;apps/api/src/public/branding.controller.test.ts;apps/api/src/public/branding.controller.ts;apps/api/src/public/public.module.ts;apps/web/src/components/AuthLayout.tsx;apps/web/src/providers/BrandThemeProvider.tsx;apps/web/src/routes/__root.tsx;packages/ui/src/styles.css
02-auth-users-admin.md#T-09.02.01,Province CRUD,merged_source_evidence_acceptance_retest_required,157,False,,"F02,F20,F22",kanban/epics/02-auth-users-admin.md:650,apps/api/src/geography/admin-geography.controller.ts;apps/api/src/geography/admin-geography.service.test.ts;apps/api/src/geography/admin-geography.service.ts;apps/api/src/geography/geography.module.ts;apps/web/src/pages/AdminGeographyPage.tsx;apps/web/src/pages/AdminLayout.tsx;apps/web/src/routeTree.gen.ts;apps/web/src/routes/admin/geography.tsx;packages/db/drizzle/0021_add_province_status.sql;packages/db/drizzle/meta/_journal.json;packages/db/src/schema/geography.ts
02-auth-users-admin.md#T-09.02.02,City CRUD per province,merged_source_evidence_acceptance_retest_required,158,False,,"F02,F20,F22",kanban/epics/02-auth-users-admin.md:658,apps/api/src/geography/admin-geography.controller.ts;apps/api/src/geography/admin-geography.service.test.ts;apps/api/src/geography/admin-geography.service.ts;packages/db/drizzle/0022_add_city_status.sql;packages/db/drizzle/meta/_journal.json;packages/db/src/schema/geography.ts
02-auth-users-admin.md#T-09.03.01,TOS editor,merged_source_evidence_acceptance_retest_required,159,False,,"F02,F20,F22",kanban/epics/02-auth-users-admin.md:668,apps/api/src/admin/admin.controller.ts;apps/api/src/admin/admin.module.ts;apps/api/src/tos/tos.service.ts;apps/web/src/pages/AdminLayout.tsx;apps/web/src/pages/AdminTosPage.tsx;apps/web/src/routeTree.gen.ts;apps/web/src/routes/admin/tos.tsx;packages/db/drizzle/0023_extend_tos_versions.sql;packages/db/drizzle/meta/_journal.json;packages/db/src/schema/tos-versions.ts
02-auth-users-admin.md#T-09.03.02,TOS version history,merged_source_evidence_acceptance_retest_required,160,False,,"F02,F20,F22",kanban/epics/02-auth-users-admin.md:676,apps/web/src/pages/AdminTosPage.tsx
02-auth-users-admin.md#T-09.04.01,Notification template editor,affected_by_identified_gap,161,False,F09,"F02,F20,F22",kanban/epics/02-auth-users-admin.md:686,apps/api/src/admin/admin.controller.ts;apps/api/src/admin/admin.module.ts;apps/api/src/notifications/index.ts;apps/api/src/notifications/notification-template.service.spec.ts;apps/api/src/notifications/notification-template.service.ts;apps/api/src/notifications/notifications.module.ts;apps/web/src/pages/AdminLayout.tsx;apps/web/src/pages/AdminNotificationsPage.tsx;apps/web/src/routeTree.gen.ts;apps/web/src/routes/admin/notifications.tsx;packages/db/drizzle/0024_create_notification_templates.sql;packages/db/src/index.ts;packages/db/src/schema/notification-templates.ts;packages/i18n/src/index.ts
02-auth-users-admin.md#T-09.05.01,Staff role management,affected_by_identified_gap,162,False,F04,"F02,F20,F22",kanban/epics/02-auth-users-admin.md:696,apps/api/src/admin/admin.controller.ts;apps/api/src/admin/admin.service.test.ts;apps/api/src/admin/admin.service.ts;apps/api/src/admin/index.ts;apps/web/src/pages/AdminLayout.tsx;apps/web/src/pages/AdminRolesPage.tsx;apps/web/src/routeTree.gen.ts;apps/web/src/routes/admin/roles.tsx;packages/i18n/src/index.ts
05-notifications-documents-ai.md#T-05.01.01,Notification module scaffold,affected_by_identified_gap,163,False,F09,"F02,F22",kanban/epics/05-notifications-documents-ai.md:55,apps/worker/src/notifications/outbox-reader.test.ts;apps/worker/src/notifications/outbox-reader.ts;apps/worker/vitest.config.ts;packages/db/drizzle/0025_create_notification_outbox.sql;packages/db/src/index.ts;packages/db/src/schema/notification-outbox.ts;packages/shared/package.json;packages/shared/src/index.ts;packages/shared/src/notifications/index.ts;packages/shared/src/notifications/notification-transport.ts
05-notifications-documents-ai.md#T-05.01.02,Durable outbox table & write pipeline,affected_by_identified_gap,164,False,"F09,F10","F02,F22",kanban/epics/05-notifications-documents-ai.md:57,apps/worker/package.json;apps/worker/src/main.ts;apps/worker/src/notifications/outbox-runner.test.ts;apps/worker/src/notifications/outbox-runner.ts;apps/worker/src/notifications/outbox-writer.test.ts;apps/worker/src/notifications/outbox-writer.ts;pnpm-lock.yaml
05-notifications-documents-ai.md#T-05.01.03,Job queue with retry schedule,affected_by_identified_gap,165,False,"F09,F10","F02,F22",kanban/epics/05-notifications-documents-ai.md:59,apps/worker/src/notifications/outbox-reader.ts;apps/worker/src/notifications/outbox-runner.test.ts;apps/worker/src/notifications/outbox-runner.ts;apps/worker/src/notifications/outbox-writer.ts;apps/worker/src/notifications/retry-schedule.test.ts;apps/worker/src/notifications/retry-schedule.ts
05-notifications-documents-ai.md#T-05.01.04,Idempotency for delivery,affected_by_identified_gap,166,False,"F09,F10","F02,F22",kanban/epics/05-notifications-documents-ai.md:61,apps/worker/src/notifications/outbox-reader.test.ts;apps/worker/src/notifications/outbox-reader.ts;apps/worker/src/notifications/outbox-writer.test.ts;apps/worker/src/notifications/outbox-writer.ts;packages/db/src/schema/notification-outbox.ts
05-notifications-documents-ai.md#T-05.01.05,Status tracking & delivery logs,affected_by_identified_gap,167,False,F09,"F02,F22",kanban/epics/05-notifications-documents-ai.md:63,apps/api/src/admin/admin.controller.ts;apps/api/src/notifications/notifications.service.ts;apps/worker/src/notifications/delivery-log.test.ts;apps/worker/src/notifications/delivery-log.ts;apps/worker/src/notifications/error-redact.ts;apps/worker/src/notifications/outbox-reader.ts;apps/worker/src/notifications/outbox-runner.test.ts;apps/worker/src/notifications/outbox-runner.ts;packages/db/drizzle/0026_create_notification_delivery_log.sql;packages/db/drizzle/meta/_journal.json;packages/db/src/index.ts;packages/db/src/schema/notification-delivery-log.ts
05-notifications-documents-ai.md#T-05.01.06,Dead-letter queue & admin UI,affected_by_identified_gap,168,False,F09,"F02,F22",kanban/epics/05-notifications-documents-ai.md:65,apps/api/src/admin/admin.controller.ts;apps/api/src/notifications/notifications.service.ts;apps/web/src/components/DeadLetterPanel.tsx;apps/web/src/pages/AdminNotificationsPage.tsx;apps/worker/src/notifications/dead-letter.test.ts;apps/worker/src/notifications/dead-letter.ts;apps/worker/src/notifications/outbox-reader.test.ts;apps/worker/src/notifications/outbox-reader.ts;apps/worker/src/notifications/outbox-runner.test.ts;apps/worker/src/notifications/outbox-runner.ts;packages/db/drizzle/0027_create_notification_dead_letter.sql;packages/db/drizzle/meta/_journal.json;packages/db/src/index.ts;packages/db/src/schema/notification-dead-letter.ts;packages/i18n/src/index.ts
05-notifications-documents-ai.md#T-05.01.07,Metrics & observability,affected_by_identified_gap,169,False,F09,"F02,F22",kanban/epics/05-notifications-documents-ai.md:67,apps/worker/package.json;apps/worker/src/main.ts;apps/worker/src/notifications/outbox-runner.ts;apps/worker/src/notifications/worker-metrics.test.ts;apps/worker/src/notifications/worker-metrics.ts;deploy/monitoring/grafana-notifications-dashboard.json;pnpm-lock.yaml
05-notifications-documents-ai.md#T-05.02.01,Notification entity & in-app transport,affected_by_identified_gap,170,False,"F10,F11","F02,F20,F22",kanban/epics/05-notifications-documents-ai.md:88,apps/worker/src/main.ts;apps/worker/src/notifications/in-app-transport.test.ts;apps/worker/src/notifications/in-app-transport.ts;packages/db/drizzle/0028_create_in_app_notifications.sql;packages/db/drizzle/meta/_journal.json;packages/db/src/index.ts;packages/db/src/schema/in-app-notifications.ts
05-notifications-documents-ai.md#T-05.02.02,Notification center API,affected_by_identified_gap,171,False,F11,"F02,F20,F22",kanban/epics/05-notifications-documents-ai.md:90,apps/api/src/notifications/index.ts;apps/api/src/notifications/notification-center.controller.ts;apps/api/src/notifications/notification-center.service.spec.ts;apps/api/src/notifications/notification-center.service.ts;apps/api/src/notifications/notifications.module.ts
05-notifications-documents-ai.md#T-05.02.03,Notification center UI,affected_by_identified_gap,172,False,F11,"F02,F20,F22",kanban/epics/05-notifications-documents-ai.md:92,apps/web/src/components/NotificationBell.tsx;apps/web/src/components/NotificationRow.tsx;apps/web/src/lib/notifications.test.ts;apps/web/src/lib/notifications.ts;apps/web/src/pages/DashboardLayout.tsx;apps/web/src/pages/NotificationCenterPage.tsx;apps/web/src/routeTree.gen.ts;apps/web/src/routes/_app/notifications.tsx;packages/i18n/src/index.ts
05-notifications-documents-ai.md#T-05.02.04,New-notification polling / SSE,affected_by_identified_gap,173,False,F11,"F02,F20,F22",kanban/epics/05-notifications-documents-ai.md:94,apps/api/src/notifications/notification-center.controller.ts;apps/api/src/notifications/notification-center.service.spec.ts;apps/web/src/components/NotificationBell.tsx;apps/web/src/hooks/useUnreadCount.ts;apps/web/src/hooks/useUnreadDocumentTitle.ts;apps/web/src/lib/notifications.test.ts;apps/web/src/lib/notifications.ts
05-notifications-documents-ai.md#T-05.03.01,Notification type registry & classification,affected_by_identified_gap,174,False,F10,"F02,F22",kanban/epics/05-notifications-documents-ai.md:112,apps/worker/src/notifications/dead-letter.test.ts;apps/worker/src/notifications/retry-schedule.test.ts;apps/worker/src/notifications/retry-schedule.ts;packages/shared/src/notifications/index.ts;packages/shared/src/notifications/notification-registry.test.ts;packages/shared/src/notifications/notification-registry.ts
05-notifications-documents-ai.md#T-05.03.02,Delivery window logic,affected_by_identified_gap,175,False,F10,"F02,F22",kanban/epics/05-notifications-documents-ai.md:114,apps/worker/src/notifications/delivery-window.test.ts;apps/worker/src/notifications/delivery-window.ts;apps/worker/src/notifications/outbox-runner.test.ts;apps/worker/src/notifications/outbox-runner.ts
05-notifications-documents-ai.md#T-05.03.03,Admin delivery-window configuration UI,affected_by_identified_gap,176,False,F10,"F02,F22",kanban/epics/05-notifications-documents-ai.md:116,apps/api/src/admin/admin.controller.ts;apps/api/src/admin/admin.service.ts;apps/api/src/admin/delivery-window-config.service.test.ts;apps/web/src/components/DeliveryWindowConfigPanel.tsx;apps/web/src/pages/AdminNotificationsPage.tsx;apps/worker/src/notifications/delivery-window.ts;packages/i18n/src/index.ts;packages/shared/src/notifications/delivery-window-config.test.ts;packages/shared/src/notifications/delivery-window-config.ts;packages/shared/src/notifications/index.ts
05-notifications-documents-ai.md#T-05.04.01,Template entity & CRUD API,affected_by_identified_gap,177,False,F09,"F02,F22",kanban/epics/05-notifications-documents-ai.md:135,apps/api/src/admin/admin.controller.ts;apps/api/src/notifications/notification-template.service.spec.ts;apps/api/src/notifications/notification-template.service.ts;apps/web/src/pages/AdminNotificationsPage.tsx;packages/i18n/src/index.ts
05-notifications-documents-ai.md#T-05.04.02,Variable interpolation & escaping,affected_by_identified_gap,178,False,F09,"F02,F22",kanban/epics/05-notifications-documents-ai.md:137,apps/api/src/notifications/notification-template.service.ts;apps/api/src/notifications/template-engine.spec.ts;apps/api/src/notifications/template-engine.ts
05-notifications-documents-ai.md#T-05.04.03,Template preview,affected_by_identified_gap,179,False,F09,"F02,F22",kanban/epics/05-notifications-documents-ai.md:139,apps/web/src/components/TemplatePreviewPanel.tsx;apps/web/src/lib/template-preview.test.ts;apps/web/src/lib/template-preview.ts;apps/web/src/pages/AdminNotificationsPage.tsx;packages/i18n/src/index.ts
05-notifications-documents-ai.md#T-05.04.04,Test-send,affected_by_identified_gap,180,False,F09,"F02,F22",kanban/epics/05-notifications-documents-ai.md:141,apps/api/src/admin/admin.controller.ts;apps/api/src/notifications/notification-template.service.spec.ts;apps/api/src/notifications/notification-template.service.ts;apps/web/src/pages/AdminNotificationsPage.tsx;packages/db/drizzle/0029_add_template_test_send_columns.sql;packages/db/src/schema/notification-templates.ts;packages/i18n/src/index.ts
05-notifications-documents-ai.md#T-05.04.05,Template seeding,affected_by_identified_gap,181,False,F09,"F02,F22",kanban/epics/05-notifications-documents-ai.md:143,packages/db/package.json;packages/db/src/seed/index.ts;packages/db/src/seed/notification-templates.ts;packages/db/src/seed/seed.test.ts;pnpm-lock.yaml
05-notifications-documents-ai.md#T-05.05.01,Notification category model,affected_by_identified_gap,182,False,F09,"F02,F22",kanban/epics/05-notifications-documents-ai.md:162,packages/db/drizzle/0030_create_notification_preferences.sql;packages/db/src/index.ts;packages/db/src/schema/notification-preferences.test.ts;packages/db/src/schema/notification-preferences.ts
05-notifications-documents-ai.md#T-05.05.02,Channel availability rules,affected_by_identified_gap,183,False,F09,"F02,F22",kanban/epics/05-notifications-documents-ai.md:164,apps/worker/src/notifications/channel-availability-loader.test.ts;apps/worker/src/notifications/channel-availability-loader.ts;apps/worker/src/notifications/channel-availability.test.ts;apps/worker/src/notifications/channel-availability.ts;apps/worker/src/notifications/outbox-runner.test.ts;apps/worker/src/notifications/outbox-runner.ts
05-notifications-documents-ai.md#T-05.05.03,Consent UI in profile settings,affected_by_identified_gap,184,False,F09,"F02,F22",kanban/epics/05-notifications-documents-ai.md:166,apps/api/src/user-settings/user-settings.controller.test.ts;apps/api/src/user-settings/user-settings.controller.ts;apps/web/src/routes/_app/settings/index.tsx;packages/i18n/src/index.ts
05-notifications-documents-ai.md#T-05.06.01,Provider config entity & lifecycle,affected_by_identified_gap,185,False,F09,"F02,F22",kanban/epics/05-notifications-documents-ai.md:188,apps/api/src/app.module.ts;apps/api/src/provider-config/email-provider-config.controller.ts;apps/api/src/provider-config/email-provider-config.service.test.ts;apps/api/src/provider-config/email-provider-config.service.ts;apps/api/src/provider-config/index.ts;apps/api/src/provider-config/provider-config.module.ts;packages/db/drizzle/0031_create_email_provider_configs.sql;packages/db/src/index.ts;packages/db/src/schema/email-provider-configs.ts
05-notifications-documents-ai.md#T-05.06.02,SMTP configuration,affected_by_identified_gap,186,False,F09,"F02,F22",kanban/epics/05-notifications-documents-ai.md:190,apps/api/package.json;apps/api/src/provider-config/email-provider-config.controller.ts;apps/api/src/provider-config/email-provider-config.service.test.ts;apps/api/src/provider-config/email-provider-config.service.ts;apps/api/src/provider-config/index.ts;apps/api/src/provider-config/provider-config.module.ts;apps/api/src/provider-config/smtp-config.schema.test.ts;apps/api/src/provider-config/smtp-config.schema.ts;apps/api/src/provider-config/smtp-connection-tester.service.test.ts;apps/api/src/provider-config/smtp-connection-tester.service.ts;apps/api/src/provider-config/smtp-network-guard.test.ts;apps/api/src/provider-config/smtp-network-guard.ts;pnpm-lock.yaml
05-notifications-documents-ai.md#T-05.06.03,Resend configuration,affected_by_identified_gap,187,False,F09,"F02,F22",kanban/epics/05-notifications-documents-ai.md:192,apps/api/src/provider-config/email-provider-config.controller.ts;apps/api/src/provider-config/email-provider-config.service.test.ts;apps/api/src/provider-config/email-provider-config.service.ts;apps/api/src/provider-config/index.ts;apps/api/src/provider-config/provider-config.module.ts;apps/api/src/provider-config/resend-config.schema.test.ts;apps/api/src/provider-config/resend-config.schema.ts;apps/api/src/provider-config/resend-connection-tester.service.test.ts;apps/api/src/provider-config/resend-connection-tester.service.ts
05-notifications-documents-ai.md#T-05.06.04,Provider admin UI,affected_by_identified_gap,188,False,F09,"F02,F22",kanban/epics/05-notifications-documents-ai.md:194,apps/api/src/provider-config/email-provider-config.controller.test.ts;apps/api/src/provider-config/email-provider-config.controller.ts;apps/api/src/provider-config/email-provider-config.service.test.ts;apps/api/src/provider-config/email-provider-config.service.ts;apps/web/src/pages/AdminEmailProvidersPage.tsx;apps/web/src/pages/AdminLayout.tsx;apps/web/src/routeTree.gen.ts;apps/web/src/routes/admin/providers.tsx;packages/db/drizzle/0032_add_email_provider_activated_by.sql;packages/db/src/schema/email-provider-configs.ts;packages/i18n/src/index.ts
05-notifications-documents-ai.md#T-05.06.05,Secrets encryption & masking,affected_by_identified_gap,189,False,F09,"F02,F22",kanban/epics/05-notifications-documents-ai.md:196,.env.example;apps/api/src/provider-config/email-provider-config.controller.test.ts;apps/api/src/provider-config/email-provider-config.service.test.ts;apps/api/src/provider-config/email-provider-config.service.ts;apps/api/src/provider-config/index.ts;apps/api/src/provider-config/provider-config.module.ts;apps/api/src/provider-config/provider-secrets.service.test.ts;apps/api/src/provider-config/provider-secrets.service.ts
05-notifications-documents-ai.md#T-05.06.06,Circuit breaker for email,affected_by_identified_gap,190,False,F09,"F02,F22",kanban/epics/05-notifications-documents-ai.md:198,apps/api/src/provider-config/email-circuit-breaker.service.test.ts;apps/api/src/provider-config/email-circuit-breaker.service.ts;apps/api/src/provider-config/email-provider-config.service.test.ts;apps/api/src/provider-config/email-provider-config.service.ts;apps/api/src/provider-config/index.ts;apps/api/src/provider-config/provider-config.di.ts;apps/api/src/provider-config/provider-config.module.ts;apps/worker/src/notifications/worker-metrics.test.ts;apps/worker/src/notifications/worker-metrics.ts;packages/db/drizzle/0033_add_email_provider_circuit_breaker.sql;packages/db/src/schema/email-provider-configs.ts
05-notifications-documents-ai.md#T-05.06.07,Email delivery callback handling,affected_by_identified_gap,191,False,F09,"F02,F22",kanban/epics/05-notifications-documents-ai.md:200,apps/api/src/app.module.ts;apps/api/src/email-webhook/email-webhook.controller.ts;apps/api/src/email-webhook/email-webhook.module.ts;apps/api/src/email-webhook/email-webhook.service.test.ts;apps/api/src/email-webhook/email-webhook.service.ts;apps/api/src/email-webhook/email-webhook.types.ts;apps/api/src/email-webhook/index.ts;apps/api/src/email-webhook/svix-verifier.test.ts;apps/api/src/email-webhook/svix-verifier.ts;apps/api/src/main.ts;apps/api/src/provider-config/provider-secrets.service.test.ts;apps/api/src/provider-config/provider-secrets.service.ts;apps/api/src/provider-config/resend-config.schema.test.ts;apps/api/src/provider-config/resend-config.schema.ts;packages/db/drizzle/0034_create_email_suppressions_webhook_events.sql;packages/db/src/index.ts;packages/db/src/schema/email-suppressions.ts;packages/db/src/schema/email-webhook-events.ts
02-auth-users-admin.md#T-09.06.01,Email transport configuration,affected_by_identified_gap,192,False,F09,"F02,F20,F22",kanban/epics/02-auth-users-admin.md:706,apps/api/src/provider-config/email-provider-config.controller.test.ts;apps/api/src/provider-config/email-provider-config.controller.ts
02-auth-users-admin.md#T-09.06.02,SMS.ir configuration,affected_by_identified_gap,193,False,F09,"F02,F20,F22",kanban/epics/02-auth-users-admin.md:714,apps/api/src/provider-config/index.ts;apps/api/src/provider-config/provider-config.module.ts;apps/api/src/provider-config/provider-secrets.service.ts;apps/api/src/provider-config/sms-provider-config.controller.test.ts;apps/api/src/provider-config/sms-provider-config.controller.ts;apps/api/src/provider-config/sms-provider-config.service.test.ts;apps/api/src/provider-config/sms-provider-config.service.ts;apps/api/src/provider-config/smsir-config.schema.test.ts;apps/api/src/provider-config/smsir-config.schema.ts;apps/api/src/provider-config/smsir-connection-tester.service.test.ts;apps/api/src/provider-config/smsir-connection-tester.service.ts;packages/db/drizzle/0035_create_sms_provider_configs.sql
02-auth-users-admin.md#T-09.06.03,Notification daytime window configuration,affected_by_identified_gap,194,False,F09,"F02,F20,F22",kanban/epics/02-auth-users-admin.md:722,apps/api/src/admin/admin.controller.ts;apps/api/src/admin/delivery-window-config.controller.test.ts
02-auth-users-admin.md#T-09.07.01,Dual-approval threshold configuration,affected_by_identified_gap,195,False,"F13,F17","F02,F20,F22",kanban/epics/02-auth-users-admin.md:732,apps/api/src/admin/admin.controller.ts;apps/api/src/admin/admin.service.ts;apps/api/src/admin/dual-approval-threshold-config.controller.test.ts;apps/api/src/admin/dual-approval-threshold-config.service.test.ts;packages/shared/package.json;packages/shared/src/finance/dual-approval-config.test.ts;packages/shared/src/finance/dual-approval-config.ts;packages/shared/src/finance/index.ts;packages/shared/src/index.ts
02-auth-users-admin.md#T-09.07.02,Dual-approval workflow,affected_by_identified_gap,196,False,"F13,F17","F02,F20,F22",kanban/epics/02-auth-users-admin.md:740,apps/api/src/admin/admin.module.ts;apps/api/src/admin/dual-approval.controller.test.ts;apps/api/src/admin/dual-approval.controller.ts;apps/api/src/admin/dual-approval.service.test.ts;apps/api/src/admin/dual-approval.service.ts;apps/api/src/admin/index.ts;packages/db/drizzle/0036_create_approval_requests.sql;packages/db/src/index.ts;packages/db/src/schema/approval-requests.test.ts;packages/db/src/schema/approval-requests.ts;packages/shared/src/finance/approval-request.test.ts;packages/shared/src/finance/approval-request.ts;packages/shared/src/finance/index.ts
02-auth-users-admin.md#T-09.08.01,Service response targets,affected_by_identified_gap,197,False,F17,"F02,F20,F22",kanban/epics/02-auth-users-admin.md:750,apps/api/src/admin/admin.controller.ts;apps/api/src/admin/admin.service.ts;apps/api/src/admin/service-response-targets-config.controller.test.ts;apps/api/src/admin/service-response-targets-config.service.test.ts;apps/worker/src/main.ts;apps/worker/src/service-targets/breach-scanner.test.ts;apps/worker/src/service-targets/breach-scanner.ts;packages/db/drizzle/0037_create_service_breach_alerts.sql;packages/db/src/index.ts;packages/db/src/schema/service-breach-alerts.test.ts;packages/db/src/schema/service-breach-alerts.ts;packages/db/src/seed/notification-templates.ts;packages/shared/package.json;packages/shared/src/admin/index.ts;packages/shared/src/admin/service-response-targets.test.ts;packages/shared/src/admin/service-response-targets.ts;packages/shared/src/index.ts;packages/shared/src/notifications/notification-registry.ts
02-auth-users-admin.md#T-09.08.02,Staff teams and assignment rules,affected_by_identified_gap,198,False,F17,"F02,F20,F22",kanban/epics/02-auth-users-admin.md:758,apps/api/src/admin/admin.controller.ts;apps/api/src/admin/admin.service.ts;apps/api/src/admin/staff-teams-config.controller.test.ts;apps/api/src/admin/staff-teams-config.service.test.ts;packages/db/drizzle/0038_create_staff_teams.sql;packages/db/src/index.ts;packages/db/src/schema/staff-teams.test.ts;packages/db/src/schema/staff-teams.ts;packages/shared/src/admin/index.ts;packages/shared/src/admin/staff-teams.test.ts;packages/shared/src/admin/staff-teams.ts
02-auth-users-admin.md#T-09.08.03,Escalation alerts,affected_by_identified_gap,199,False,F17,"F02,F20,F22",kanban/epics/02-auth-users-admin.md:766,apps/api/src/admin/admin.controller.ts;apps/api/src/admin/admin.service.ts;apps/api/src/admin/escalation-policy-config.controller.test.ts;apps/api/src/admin/escalation-policy-config.service.test.ts;apps/worker/src/main.ts;apps/worker/src/service-targets/breach-scanner.ts;apps/worker/src/service-targets/escalation-scanner.test.ts;apps/worker/src/service-targets/escalation-scanner.ts;packages/db/drizzle/0039_add_escalation_to_service_breach_alerts.sql;packages/db/src/schema/service-breach-alerts.test.ts;packages/db/src/schema/service-breach-alerts.ts;packages/db/src/seed/notification-templates.ts;packages/shared/src/admin/escalation-policy.test.ts;packages/shared/src/admin/escalation-policy.ts;packages/shared/src/admin/index.ts;packages/shared/src/notifications/notification-registry.ts
02-auth-users-admin.md#T-09.09.01,Reconciliation exceptions view,affected_by_identified_gap,200,False,F17,"F02,F20,F22",kanban/epics/02-auth-users-admin.md:776,apps/api/src/admin/admin.module.ts;apps/api/src/admin/index.ts;apps/api/src/admin/reconciliation-exceptions.controller.test.ts;apps/api/src/admin/reconciliation-exceptions.controller.ts;apps/api/src/admin/reconciliation-exceptions.service.test.ts;apps/api/src/admin/reconciliation-exceptions.service.ts;packages/db/drizzle/0040_create_reconciliation_exceptions.sql;packages/db/src/index.ts;packages/db/src/schema/reconciliation-exceptions.test.ts;packages/db/src/schema/reconciliation-exceptions.ts;packages/shared/src/admin/index.ts;packages/shared/src/admin/reconciliation-exceptions.ts
02-auth-users-admin.md#T-09.09.02,Failed jobs dashboard,affected_by_identified_gap,"202,201",False,F17,"F02,F20,F22",kanban/epics/02-auth-users-admin.md:784,apps/api/src/admin/admin.module.ts;apps/api/src/admin/failed-jobs.controller.test.ts;apps/api/src/admin/failed-jobs.controller.ts;apps/api/src/admin/failed-jobs.service.test.ts;apps/api/src/admin/failed-jobs.service.ts;apps/worker/src/jobs/job-recorder.test.ts;apps/worker/src/jobs/job-recorder.ts;apps/worker/src/main.ts;packages/db/drizzle/0041_create_background_jobs.sql;packages/db/src/index.ts;packages/db/src/schema/background-jobs.test.ts;packages/db/src/schema/background-jobs.ts;packages/shared/src/admin/background-jobs.ts;packages/shared/src/admin/index.ts
02-auth-users-admin.md#T-09.09.03,Dead-letter notifications,affected_by_identified_gap,203,False,F17,"F02,F20,F22",kanban/epics/02-auth-users-admin.md:792,apps/api/src/admin/admin.module.ts;apps/api/src/admin/failed-notifications.controller.test.ts;apps/api/src/admin/failed-notifications.controller.ts;apps/api/src/admin/failed-notifications.service.test.ts;apps/api/src/admin/failed-notifications.service.ts
02-auth-users-admin.md#T-09.10.01,Online wallet top-up limit,merged_source_evidence_acceptance_retest_required,204,False,,"F02,F20,F22",kanban/epics/02-auth-users-admin.md:802,apps/api/src/admin/admin.controller.ts;apps/api/src/admin/admin.service.ts;apps/api/src/admin/wallet-topup-limit-config.controller.test.ts;apps/api/src/admin/wallet-topup-limit-config.service.test.ts;apps/api/src/wallet/wallet.service.test.ts;apps/api/src/wallet/wallet.service.ts;packages/shared/src/finance/index.ts;packages/shared/src/finance/wallet-topup-config.test.ts;packages/shared/src/finance/wallet-topup-config.ts
02-auth-users-admin.md#T-09.10.02,Mandatory green-electricity rules,affected_by_identified_gap,205,False,F17,"F02,F20,F22",kanban/epics/02-auth-users-admin.md:810,apps/api/src/admin/admin.controller.ts;apps/api/src/admin/admin.service.ts;apps/api/src/admin/green-electricity-config.controller.test.ts;apps/api/src/admin/green-electricity-config.service.test.ts;packages/shared/src/finance/green-electricity-config.test.ts;packages/shared/src/finance/green-electricity-config.ts;packages/shared/src/finance/index.ts
02-auth-users-admin.md#T-09.10.03,Green rule activation safety check,affected_by_identified_gap,206,False,F17,"F02,F20,F22",kanban/epics/02-auth-users-admin.md:822,apps/api/src/admin/admin.controller.ts;apps/api/src/admin/admin.service.ts;apps/api/src/admin/green-electricity-config.controller.test.ts;apps/api/src/admin/green-electricity-config.service.test.ts;packages/shared/src/finance/green-electricity-safety.test.ts;packages/shared/src/finance/green-electricity-safety.ts;packages/shared/src/finance/index.ts
02-auth-users-admin.md#T-09.11.01,AI model management,affected_by_identified_gap,207,False,F17,"F02,F20,F22",kanban/epics/02-auth-users-admin.md:832,.env.example;apps/api/src/ai-models/ai-model-secrets.service.test.ts;apps/api/src/ai-models/ai-model-secrets.service.ts;apps/api/src/ai-models/ai-model-tester.service.test.ts;apps/api/src/ai-models/ai-model-tester.service.ts;apps/api/src/ai-models/ai-models.controller.test.ts;apps/api/src/ai-models/ai-models.controller.ts;apps/api/src/ai-models/ai-models.module.ts;apps/api/src/ai-models/ai-models.service.test.ts;apps/api/src/ai-models/ai-models.service.ts;apps/api/src/ai-models/index.ts;apps/api/src/app.module.ts;packages/db/drizzle/0042_create_ai_models.sql;packages/db/src/index.ts;packages/db/src/schema/ai-models.test.ts;packages/db/src/schema/ai-models.ts
02-auth-users-admin.md#T-09.11.02,Knowledge base management,affected_by_identified_gap,208,False,F17,"F02,F20,F22",kanban/epics/02-auth-users-admin.md:840,apps/api/src/app.module.ts;apps/api/src/knowledge-bases/index.ts;apps/api/src/knowledge-bases/knowledge-bases.controller.test.ts;apps/api/src/knowledge-bases/knowledge-bases.controller.ts;apps/api/src/knowledge-bases/knowledge-bases.module.ts;apps/api/src/knowledge-bases/knowledge-bases.service.test.ts;apps/api/src/knowledge-bases/knowledge-bases.service.ts;packages/db/drizzle/0043_create_knowledge_bases.sql;packages/db/src/index.ts;packages/db/src/schema/kb-groups.ts;packages/db/src/schema/knowledge-bases.test.ts;packages/db/src/schema/knowledge-bases.ts
02-auth-users-admin.md#T-09.11.03,Policy management,affected_by_identified_gap,209,False,F17,"F02,F20,F22",kanban/epics/02-auth-users-admin.md:848,apps/api/src/ai-policies/ai-policies.controller.test.ts;apps/api/src/ai-policies/ai-policies.controller.ts;apps/api/src/ai-policies/ai-policies.module.ts;apps/api/src/ai-policies/ai-policies.rules.ts;apps/api/src/ai-policies/ai-policies.service.test.ts;apps/api/src/ai-policies/ai-policies.service.ts;apps/api/src/ai-policies/index.ts;apps/api/src/app.module.ts;packages/db/drizzle/0000_init_uuidv7_function.sql;packages/db/drizzle/0044_create_ai_policies.sql;packages/db/src/index.ts;packages/db/src/schema/ai-policies.test.ts;packages/db/src/schema/ai-policies.ts;packages/db/src/schema/ai-policy-groups.ts
02-auth-users-admin.md#T-09.11.04,AI agent management,affected_by_identified_gap,210,False,F17,"F02,F20,F22",kanban/epics/02-auth-users-admin.md:856,apps/api/src/ai-agents/ai-agents.controller.test.ts;apps/api/src/ai-agents/ai-agents.controller.ts;apps/api/src/ai-agents/ai-agents.module.ts;apps/api/src/ai-agents/ai-agents.service.test.ts;apps/api/src/ai-agents/ai-agents.service.ts;apps/api/src/ai-agents/index.ts;apps/api/src/app.module.ts;packages/db/drizzle/0045_create_ai_agents.sql;packages/db/src/index.ts;packages/db/src/schema/ai-agents.test.ts;packages/db/src/schema/ai-agents.ts
02-auth-users-admin.md#T-09.11.05,Agent slot assignment,affected_by_identified_gap,211,False,F17,"F02,F20,F22",kanban/epics/02-auth-users-admin.md:864,apps/api/src/ai-agents/ai-agent-slots.controller.test.ts;apps/api/src/ai-agents/ai-agent-slots.controller.ts;apps/api/src/ai-agents/ai-agent-slots.service.test.ts;apps/api/src/ai-agents/ai-agent-slots.service.ts;apps/api/src/ai-agents/ai-agents.module.ts;apps/api/src/ai-agents/index.ts;packages/db/drizzle/0046_create_ai_agent_slots.sql;packages/db/src/index.ts;packages/db/src/schema/ai-agent-slots.test.ts;packages/db/src/schema/ai-agent-slots.ts
02-auth-users-admin.md#T-09.12.01,Product catalogue management,affected_by_identified_gap,212,False,F17,"F02,F20,F22",kanban/epics/02-auth-users-admin.md:874,apps/api/src/app.module.ts;apps/api/src/catalogue/catalogue-products.controller.test.ts;apps/api/src/catalogue/catalogue-products.controller.ts;apps/api/src/catalogue/catalogue-products.service.test.ts;apps/api/src/catalogue/catalogue-products.service.ts;apps/api/src/catalogue/catalogue.module.ts;apps/api/src/catalogue/index.ts
02-auth-users-admin.md#T-09.12.02,VAT configuration,affected_by_identified_gap,213,False,F17,"F02,F20,F22",kanban/epics/02-auth-users-admin.md:882,apps/api/src/admin/admin.module.ts;apps/api/src/admin/vat-config.controller.test.ts;apps/api/src/admin/vat-config.controller.ts;apps/api/src/admin/vat-config.service.test.ts;apps/api/src/admin/vat-config.service.ts;packages/db/drizzle/0047_create_vat_configurations.sql;packages/db/src/index.ts;packages/db/src/schema/vat-configurations.test.ts;packages/db/src/schema/vat-configurations.ts;packages/shared/src/finance/index.ts;packages/shared/src/finance/vat-config.test.ts;packages/shared/src/finance/vat-config.ts
02-auth-users-admin.md#T-09.12.03,Gift code management,affected_by_identified_gap,214,False,F17,"F02,F20,F22",kanban/epics/02-auth-users-admin.md:890,apps/api/src/admin/admin.module.ts;apps/api/src/admin/gift-code.controller.test.ts;apps/api/src/admin/gift-code.controller.ts;apps/api/src/admin/gift-code.service.test.ts;apps/api/src/admin/gift-code.service.ts;apps/api/src/orders/orders.controller.test.ts;apps/api/src/orders/orders.controller.ts;apps/api/src/orders/orders.module.ts;apps/api/src/orders/orders.service.test.ts;apps/api/src/orders/orders.service.ts;packages/db/drizzle/0048_create_gift_codes.sql;packages/db/src/index.ts;packages/db/src/schema/gift-codes.test.ts;packages/db/src/schema/gift-codes.ts;packages/db/src/schema/orders.ts;packages/shared/package.json;packages/shared/src/index.ts;packages/shared/src/promotions/gift-code.test.ts;packages/shared/src/promotions/gift-code.ts;packages/shared/src/promotions/index.ts
02-auth-users-admin.md#T-09.12.04,Contract template management,affected_by_identified_gap,215,False,F17,"F02,F20,F22",kanban/epics/02-auth-users-admin.md:898,apps/api/src/admin/admin.module.ts;apps/api/src/admin/contract-template.controller.test.ts;apps/api/src/admin/contract-template.controller.ts;apps/api/src/admin/contract-template.service.test.ts;apps/api/src/admin/contract-template.service.ts;packages/db/drizzle/0049_create_contract_templates.sql;packages/db/src/index.ts;packages/db/src/schema/contract-templates.test.ts;packages/db/src/schema/contract-templates.ts;packages/shared/src/admin/contract-templates.test.ts;packages/shared/src/admin/contract-templates.ts;packages/shared/src/admin/index.ts
02-auth-users-admin.md#T-09.12.05,Upload policies configuration,affected_by_identified_gap,216,False,F17,"F02,F20,F22",kanban/epics/02-auth-users-admin.md:906,apps/api/src/admin/admin.module.ts;apps/api/src/admin/upload-policy.controller.test.ts;apps/api/src/admin/upload-policy.controller.ts;apps/api/src/admin/upload-policy.service.test.ts;apps/api/src/admin/upload-policy.service.ts;apps/api/src/upload/content-type-sniffer.test.ts;apps/api/src/upload/content-type-sniffer.ts;apps/api/src/upload/upload-policy.resolver.test.ts;apps/api/src/upload/upload-policy.resolver.ts;apps/api/src/upload/upload.config.ts;apps/api/src/upload/upload.controller.ts;apps/api/src/upload/upload.module.ts;apps/api/src/upload/upload.types.ts;apps/api/test/upload.controller.spec.ts;packages/db/drizzle/0050_create_upload_policies.sql;packages/db/src/index.ts;packages/db/src/schema/upload-policies.test.ts;packages/db/src/schema/upload-policies.ts;packages/shared/src/admin/index.ts;packages/shared/src/admin/upload-policies.test.ts;packages/shared/src/admin/upload-policies.ts
02-auth-users-admin.md#T-09.12.06,Contract electricity increase limits,affected_by_identified_gap,217,False,F17,"F02,F20,F22",kanban/epics/02-auth-users-admin.md:914,apps/api/src/admin/admin.module.ts;apps/api/src/admin/contract-electricity-limits.controller.test.ts;apps/api/src/admin/contract-electricity-limits.controller.ts;apps/api/src/admin/contract-electricity-limits.service.test.ts;apps/api/src/admin/contract-electricity-limits.service.ts;packages/shared/src/admin/contract-electricity-limits.test.ts;packages/shared/src/admin/contract-electricity-limits.ts;packages/shared/src/admin/index.ts
02-auth-users-admin.md#T-10.01.01,Staff user list (admin),affected_by_identified_gap,218,False,"F04,F17","F02,F22",kanban/epics/02-auth-users-admin.md:928,apps/api/src/admin/admin.controller.ts;apps/api/src/admin/admin.service.test.ts;apps/api/src/admin/admin.service.ts;apps/api/src/auth/auth.service.ts;apps/api/src/session/session.service.test.ts;apps/api/src/session/session.service.ts;packages/db/drizzle/0051_add_staff_disable_last_login.sql;packages/db/src/schema/users.ts;packages/db/src/seed/seed.test.ts;packages/i18n/src/index.ts;packages/shared/src/errors/error-codes.ts
02-auth-users-admin.md#T-10.01.02,Staff permission audit view,affected_by_identified_gap,219,False,"F04,F17","F02,F22",kanban/epics/02-auth-users-admin.md:936,apps/api/src/admin/admin.controller.ts;apps/api/src/admin/admin.service.test.ts;apps/api/src/admin/admin.service.ts;apps/api/src/admin/staff-audit.controller.test.ts
04-invoices-wallet-contracts.md#T-04.1.01.01,"Define invoice DB table with columns: `id` (UUIDv7), `profileId`, `orderId?`, `contractId?`, `state`, `totalAmount` (int8), `paidAmount` (int8, default 0), `refundedAmount` (int8, default 0), `issuedAt`, `payableFrom`, `dueAt`, `cancelledAt?`, `metadata` (JSONB for snapshots), timestamps",affected_by_identified_gap,150,False,F12,"F02,F14,F22",kanban/epics/04-invoices-wallet-contracts.md:86,packages/db/src/index.ts;packages/db/src/schema/invoices.ts
04-invoices-wallet-contracts.md#T-04.1.01.02,Create `invoice_state` enum in DB matching all 9 states,affected_by_identified_gap,151,False,F12,"F02,F14,F22",kanban/epics/04-invoices-wallet-contracts.md:87,packages/db/drizzle/0019_create_invoice_state_enum.sql;packages/db/src/schema/invoices.ts
04-invoices-wallet-contracts.md#T-04.1.01.03,"Implement `InvoiceStateMachine` service with guard methods, transition validation, audit event emission",affected_by_identified_gap,152,False,F12,"F02,F14,F22",kanban/epics/04-invoices-wallet-contracts.md:88,apps/api/src/app.module.ts;apps/api/src/invoice/index.ts;apps/api/src/invoice/invoice-state-machine.service.test.ts;apps/api/src/invoice/invoice-state-machine.service.ts;apps/api/src/invoice/invoice-state.model.test.ts;apps/api/src/invoice/invoice-state.model.ts;apps/api/src/invoice/invoice.module.ts
04-invoices-wallet-contracts.md#T-04.1.01.04,"Add DB constraints: `CHECK (paidAmount <= totalAmount)`, `CHECK (refundedAmount <= paidAmount)`",affected_by_identified_gap,220,False,F12,"F02,F14,F22",kanban/epics/04-invoices-wallet-contracts.md:89,packages/db/drizzle/0052_add_invoice_amount_check_constraints.sql;packages/db/src/schema/invoices-constraints.test.ts;packages/db/src/schema/invoices.test.ts
04-invoices-wallet-contracts.md#T-04.1.01.05,Write audit repository entry for every invoice state transition,affected_by_identified_gap,221,False,F12,"F02,F14,F22",kanban/epics/04-invoices-wallet-contracts.md:90,apps/api/src/invoice/index.ts;apps/api/src/invoice/invoice-audit.repository.test.ts;apps/api/src/invoice/invoice-audit.repository.ts;apps/api/src/invoice/invoice-state-machine.service.test.ts;apps/api/src/invoice/invoice-state-machine.service.ts;apps/api/src/invoice/invoice.module.ts
04-invoices-wallet-contracts.md#T-04.1.01.06,"Integration tests: all happy-path transitions, every forbidden transition, concurrent state change rejection",affected_by_identified_gap,222,False,F12,"F02,F14,F22",kanban/epics/04-invoices-wallet-contracts.md:91,apps/api/package.json;apps/api/src/invoice/invoice-state-machine.integration.test.ts;apps/api/vitest.config.ts;packages/db/drizzle/0053_add_invoice_paid_overdue_timestamps.sql;packages/db/package.json;packages/db/src/schema/invoices.ts;packages/db/src/test/index.ts;packages/db/src/test/testDb.ts;pnpm-lock.yaml
04-invoices-wallet-contracts.md#T-04.1.02.01,Create `invoice_lines` and `invoice_items` tables with proper foreign keys and constraints,merged_source_evidence_acceptance_retest_required,223,False,,"F02,F14,F22",kanban/epics/04-invoices-wallet-contracts.md:114,packages/db/drizzle/0054_create_invoice_lines_and_items.sql;packages/db/src/index.ts;packages/db/src/schema/invoice-items.ts;packages/db/src/schema/invoice-lines-items.test.ts;packages/db/src/schema/invoice-lines.ts
04-invoices-wallet-contracts.md#T-04.1.02.02,"Build `ManualInvoiceService` — staff selects profile, adds lines, system calculates totals, issues invoice",merged_source_evidence_acceptance_retest_required,224,False,,"F02,F14,F22",kanban/epics/04-invoices-wallet-contracts.md:115,apps/api/src/invoice/index.ts;apps/api/src/invoice/invoice-state-machine.service.test.ts;apps/api/src/invoice/invoice-state-machine.service.ts;apps/api/src/invoice/invoice.module.ts;apps/api/src/invoice/manual-invoice.calculation.test.ts;apps/api/src/invoice/manual-invoice.calculation.ts;apps/api/src/invoice/manual-invoice.integration.test.ts;apps/api/src/invoice/manual-invoice.service.test.ts;apps/api/src/invoice/manual-invoice.service.ts;packages/db/drizzle/0000_init_uuidv7_function.sql;packages/db/drizzle/0055_add_invoice_lines_position.sql;packages/db/src/schema/invoice-lines-items.test.ts;packages/db/src/schema/invoice-lines.ts
04-invoices-wallet-contracts.md#T-04.1.02.03,Build `AutoInvoiceService` — called by order/contract creation within same transaction; snapshot prices and terms,merged_source_evidence_acceptance_retest_required,225,False,,"F02,F14,F22",kanban/epics/04-invoices-wallet-contracts.md:116,apps/api/src/invoice/auto-invoice.calculation.test.ts;apps/api/src/invoice/auto-invoice.calculation.ts;apps/api/src/invoice/auto-invoice.integration.test.ts;apps/api/src/invoice/auto-invoice.service.test.ts;apps/api/src/invoice/auto-invoice.service.ts;apps/api/src/invoice/index.ts;apps/api/src/invoice/invoice.module.ts
04-invoices-wallet-contracts.md#T-04.1.02.04,Implement VAT calculation module with category default / product override resolution,merged_source_evidence_acceptance_retest_required,226,False,,"F02,F14,F22",kanban/epics/04-invoices-wallet-contracts.md:117,apps/api/src/invoice/auto-invoice.integration.test.ts;apps/api/src/invoice/auto-invoice.service.test.ts;apps/api/src/invoice/auto-invoice.service.ts;apps/api/src/invoice/index.ts;apps/api/src/invoice/invoice.module.ts;apps/api/src/invoice/vat-calculation.integration.test.ts;apps/api/src/invoice/vat-calculation.repository.ts;apps/api/src/invoice/vat-calculation.service.ts;apps/api/src/invoice/vat-calculation.test.ts
04-invoices-wallet-contracts.md#T-04.1.02.05,"Link invoice to origin: nullable `orderId`, `contractId`, `consultationId` foreign keys",merged_source_evidence_acceptance_retest_required,227,False,,"F02,F14,F22",kanban/epics/04-invoices-wallet-contracts.md:118,packages/db/drizzle/0056_add_invoice_origin_links.sql;packages/db/src/schema/invoices-origin.test.ts;packages/db/src/schema/invoices.test.ts;packages/db/src/schema/invoices.ts
04-invoices-wallet-contracts.md#T-04.1.02.06,Ensure idempotency: same order cannot produce duplicate invoices (unique `orderId` + `type` index),merged_source_evidence_acceptance_retest_required,228,False,,"F02,F14,F22",kanban/epics/04-invoices-wallet-contracts.md:119,apps/api/src/invoice/auto-invoice.integration.test.ts;apps/api/src/invoice/auto-invoice.service.ts;apps/api/src/invoice/manual-invoice.integration.test.ts;apps/api/src/invoice/manual-invoice.service.ts;packages/db/drizzle/0057_add_invoice_type_idempotency.sql;packages/db/src/schema/invoices-idempotency.test.ts;packages/db/src/schema/invoices.ts
04-invoices-wallet-contracts.md#T-04.1.02.07,"Implement `RoundingService.roundHalfUp(value: bigint, precision: number)` using half-up rounding rule (round half-up to nearest IRR); add table-driven unit tests with financial examples from product requirements",merged_source_evidence_acceptance_retest_required,229,False,,"F02,F14,F22",kanban/epics/04-invoices-wallet-contracts.md:120,apps/api/src/invoice/index.ts;apps/api/src/invoice/invoice.module.ts;apps/api/src/invoice/rounding.service.test.ts;apps/api/src/invoice/rounding.service.ts
04-invoices-wallet-contracts.md#T-04.1.02.08,"Add `invoice_calculation_snapshot` JSONB column on invoices storing all calculation inputs, intermediate rounding steps, and final totals for reproducibility",merged_source_evidence_acceptance_retest_required,"232,231",False,,"F02,F14,F22",kanban/epics/04-invoices-wallet-contracts.md:121,apps/api/src/invoice/auto-invoice.integration.test.ts;apps/api/src/invoice/auto-invoice.service.test.ts;apps/api/src/invoice/auto-invoice.service.ts;apps/api/src/invoice/index.ts;apps/api/src/invoice/invoice-calculation-snapshot.test.ts;apps/api/src/invoice/invoice-calculation-snapshot.ts;apps/api/src/invoice/manual-invoice.integration.test.ts;apps/api/src/invoice/manual-invoice.service.test.ts;apps/api/src/invoice/manual-invoice.service.ts;packages/db/drizzle/0058_add_invoice_calculation_snapshot.sql;packages/db/drizzle/meta/_journal.json;packages/db/src/migrate.invoice-snapshot.test.ts;packages/db/src/schema/invoices-calculation-snapshot.test.ts;packages/db/src/schema/invoices.test.ts;packages/db/src/schema/invoices.ts
04-invoices-wallet-contracts.md#T-04.1.02.09,Verify reproducibility: integration test that replays invoice calculation inputs from snapshot and asserts same totals,merged_source_evidence_acceptance_retest_required,233,False,,"F02,F14,F22",kanban/epics/04-invoices-wallet-contracts.md:122,apps/api/src/invoice/index.ts;apps/api/src/invoice/invoice-calculation-replay.integration.test.ts;apps/api/src/invoice/invoice-calculation-snapshot.test.ts;apps/api/src/invoice/invoice-calculation-snapshot.ts
04-invoices-wallet-contracts.md#T-04.1.03.01,"Add `service_due_periods` admin config table (service type, default days, active period)",merged_source_evidence_acceptance_retest_required,236,False,,"F02,F14,F22",kanban/epics/04-invoices-wallet-contracts.md:143,packages/db/drizzle/0059_create_service_due_periods.sql;packages/db/drizzle/meta/_journal.json;packages/db/src/index.ts;packages/db/src/migrate.invoice-snapshot.test.ts;packages/db/src/migrate.service-due-periods.test.ts;packages/db/src/schema/service-due-periods.test.ts;packages/db/src/schema/service-due-periods.ts;packages/db/src/test/globalSetup.ts;packages/db/src/test/testDb.ts;packages/shared/src/finance/index.ts;packages/shared/src/finance/service-due-periods.test.ts;packages/shared/src/finance/service-due-periods.ts
04-invoices-wallet-contracts.md#T-04.1.03.02,Add `dueAt` calculation logic: `issuedAt + config_days` (or staff override),merged_source_evidence_acceptance_retest_required,237,False,,"F02,F14,F22",kanban/epics/04-invoices-wallet-contracts.md:144,apps/api/src/invoice/auto-invoice.integration.test.ts;apps/api/src/invoice/auto-invoice.service.test.ts;apps/api/src/invoice/auto-invoice.service.ts;apps/api/src/invoice/due-at.integration.test.ts;apps/api/src/invoice/due-at.repository.ts;apps/api/src/invoice/due-at.service.ts;apps/api/src/invoice/due-at.test.ts;apps/api/src/invoice/index.ts;apps/api/src/invoice/invoice-calculation-replay.integration.test.ts;apps/api/src/invoice/invoice.module.ts;apps/api/src/invoice/manual-invoice.integration.test.ts;apps/api/src/invoice/manual-invoice.service.test.ts;apps/api/src/invoice/manual-invoice.service.ts;packages/shared/src/finance/due-at.test.ts;packages/shared/src/finance/due-at.ts;packages/shared/src/finance/index.ts;packages/shared/src/finance/service-due-periods.ts
04-invoices-wallet-contracts.md#T-04.1.03.03,"Build staff override UI/API: override input + reason field, stored in audit + invoice metadata",merged_source_evidence_acceptance_retest_required,238,False,,"F02,F14,F22",kanban/epics/04-invoices-wallet-contracts.md:145,apps/api/src/admin/admin.module.ts;apps/api/src/admin/due-at-override.controller.test.ts;apps/api/src/admin/due-at-override.controller.ts;apps/api/src/admin/index.ts;apps/api/src/invoice/due-at-override.integration.test.ts;apps/api/src/invoice/due-at-override.service.test.ts;apps/api/src/invoice/due-at-override.service.ts;apps/api/src/invoice/due-at.service.ts;apps/api/src/invoice/index.ts;apps/api/src/invoice/invoice-audit.repository.test.ts;apps/api/src/invoice/invoice-audit.repository.ts;apps/api/src/invoice/invoice.module.ts;apps/web/src/lib/due-at-override.test.ts;apps/web/src/lib/due-at-override.ts;apps/web/src/pages/AdminInvoicesPage.test.tsx;apps/web/src/pages/AdminInvoicesPage.tsx;apps/web/src/pages/AdminLayout.tsx;apps/web/src/routeTree.gen.ts;apps/web/src/routes/admin/invoices.tsx;packages/i18n/src/index.ts;packages/shared/src/finance/due-at-override.test.ts;packages/shared/src/finance/due-at-override.ts;packages/shared/src/finance/index.ts
04-invoices-wallet-contracts.md#T-04.1.03.04,Cron job: mark invoices past `dueAt` as Overdue if still Unpaid or Partially funded,affected_by_identified_gap,239,False,F12,"F02,F14,F22",kanban/epics/04-invoices-wallet-contracts.md:146,apps/worker/package.json;apps/worker/src/invoices/overdue-scanner.integration.test.ts;apps/worker/src/invoices/overdue-scanner.test.ts;apps/worker/src/invoices/overdue-scanner.ts;apps/worker/src/main.ts;apps/worker/vitest.config.ts;packages/shared/src/admin/background-jobs.ts;packages/shared/src/finance/index.ts;packages/shared/src/finance/overdue.test.ts;packages/shared/src/finance/overdue.ts;pnpm-lock.yaml
04-invoices-wallet-contracts.md#T-04.1.04.01,"Design `invoice_reminder_schedule` table: `invoiceId`, `offset`, `channel`, `scheduledAt`, `sentAt?`, `status`",affected_by_identified_gap,240,False,F10,"F02,F14,F22",kanban/epics/04-invoices-wallet-contracts.md:170,packages/db/drizzle/0060_create_invoice_reminder_schedule.sql;packages/db/drizzle/meta/_journal.json;packages/db/src/index.ts;packages/db/src/migrate.invoice-reminder-schedule.test.ts;packages/db/src/migrate.invoice-snapshot.test.ts;packages/db/src/migrate.service-due-periods.test.ts;packages/db/src/schema/invoice-reminder-schedule.test.ts;packages/db/src/schema/invoice-reminder-schedule.ts
04-invoices-wallet-contracts.md#T-04.1.04.02,"Build `ReminderScheduler` worker: on invoice issue, compute reminder datetimes and insert schedule rows",affected_by_identified_gap,241,False,F10,"F02,F14,F22",kanban/epics/04-invoices-wallet-contracts.md:171,apps/worker/src/invoices/reminder-scheduler.integration.test.ts;apps/worker/src/invoices/reminder-scheduler.test.ts;apps/worker/src/invoices/reminder-scheduler.ts;apps/worker/src/main.ts;packages/db/src/schema/invoice-reminder-schedule.ts;packages/shared/src/admin/background-jobs.ts;packages/shared/src/finance/index.ts;packages/shared/src/finance/reminder-schedule.test.ts;packages/shared/src/finance/reminder-schedule.ts
04-invoices-wallet-contracts.md#T-04.1.04.03,"Build `ReminderSender` worker: cron every hour picks due reminders, checks invoice state, sends via outbox",affected_by_identified_gap,243,False,F10,"F02,F14,F22",kanban/epics/04-invoices-wallet-contracts.md:172,apps/worker/src/invoices/reminder-sender.integration.test.ts;apps/worker/src/invoices/reminder-sender.test.ts;apps/worker/src/invoices/reminder-sender.ts;apps/worker/src/main.ts;apps/worker/src/notifications/outbox-reader.test.ts;apps/worker/src/notifications/outbox-reader.ts;apps/worker/src/notifications/outbox-writer.test.ts;apps/worker/src/notifications/outbox-writer.ts;packages/db/src/schema/notification-outbox.ts;packages/db/src/seed/notification-templates.ts;packages/shared/src/admin/background-jobs.ts;packages/shared/src/finance/reminder-schedule.test.ts;packages/shared/src/finance/reminder-schedule.ts;packages/shared/src/notifications/notification-registry.test.ts;packages/shared/src/notifications/notification-registry.ts;packages/shared/src/notifications/notification-transport.ts
04-invoices-wallet-contracts.md#T-04.1.04.04,"Enforce idempotency: unique index on (invoiceId, offset, channel)",affected_by_identified_gap,244,False,F10,"F02,F14,F22",kanban/epics/04-invoices-wallet-contracts.md:173,apps/worker/src/invoices/reminder-scheduler.integration.test.ts;apps/worker/src/invoices/reminder-scheduler.test.ts;apps/worker/src/invoices/reminder-scheduler.ts;apps/worker/src/invoices/reminder-sender.integration.test.ts;apps/worker/src/invoices/reminder-sender.ts;packages/db/drizzle/0061_add_invoice_reminder_schedule_idempotency.sql;packages/db/drizzle/meta/_journal.json;packages/db/src/migrate.invoice-reminder-schedule-idempotency.test.ts;packages/db/src/migrate.invoice-reminder-schedule.test.ts;packages/db/src/migrate.invoice-snapshot.test.ts;packages/db/src/migrate.service-due-periods.test.ts;packages/db/src/schema/invoice-reminder-schedule-idempotency.test.ts;packages/db/src/schema/invoice-reminder-schedule.ts
04-invoices-wallet-contracts.md#T-04.1.04.05,Admin toggle UI: enable/disable each offset per service type,affected_by_identified_gap,245,False,F10,"F02,F14,F22",kanban/epics/04-invoices-wallet-contracts.md:174,apps/api/src/admin/admin.module.ts;apps/api/src/admin/index.ts;apps/api/src/admin/reminder-offset-toggle.controller.test.ts;apps/api/src/admin/reminder-offset-toggle.controller.ts;apps/api/src/admin/reminder-offset-toggle.service.integration.test.ts;apps/api/src/admin/reminder-offset-toggle.service.test.ts;apps/api/src/admin/reminder-offset-toggle.service.ts;apps/web/src/components/ReminderOffsetTogglePanel.test.tsx;apps/web/src/components/ReminderOffsetTogglePanel.tsx;apps/web/src/pages/AdminInvoicesPage.test.tsx;apps/web/src/pages/AdminInvoicesPage.tsx;apps/worker/src/invoices/reminder-scheduler.integration.test.ts;apps/worker/src/invoices/reminder-scheduler.test.ts;apps/worker/src/invoices/reminder-scheduler.ts;packages/db/drizzle/0062_create_invoice_reminder_offset_toggles.sql;packages/db/drizzle/meta/_journal.json;packages/db/src/index.ts;packages/db/src/migrate.invoice-reminder-offset-toggles.test.ts;packages/db/src/migrate.invoice-reminder-schedule-idempotency.test.ts;packages/db/src/migrate.invoice-reminder-schedule.test.ts;packages/db/src/migrate.invoice-snapshot.test.ts;packages/db/src/migrate.service-due-periods.test.ts;packages/db/src/schema/invoice-reminder-offset-toggles.test.ts;packages/db/src/schema/invoice-reminder-offset-toggles.ts;packages/i18n/src/index.ts;packages/shared/src/finance/index.ts;packages/shared/src/finance/reminder-offset-toggles.test.ts;packages/shared/src/finance/reminder-offset-toggles.ts
04-invoices-wallet-contracts.md#T-04.1.04.06,"Stop reminders: when invoice enters Paid/Cancelled/Refunded, mark all future schedule rows as Cancelled",affected_by_identified_gap,246,False,F10,"F02,F14,F22",kanban/epics/04-invoices-wallet-contracts.md:175,apps/worker/src/invoices/reminder-canceller.integration.test.ts;apps/worker/src/invoices/reminder-canceller.test.ts;apps/worker/src/invoices/reminder-canceller.ts;apps/worker/src/invoices/reminder-scheduler.ts;apps/worker/src/invoices/reminder-sender.test.ts;apps/worker/src/invoices/reminder-sender.ts;packages/db/drizzle/0063_cancel_reminders_on_invoice_stop_state.sql;packages/db/drizzle/meta/_journal.json;packages/db/src/migrate.invoice-reminder-cancel.test.ts;packages/db/src/migrate.invoice-reminder-offset-toggles.test.ts;packages/db/src/migrate.invoice-reminder-schedule-idempotency.test.ts;packages/db/src/migrate.invoice-reminder-schedule.test.ts;packages/db/src/migrate.invoice-snapshot.test.ts;packages/db/src/migrate.service-due-periods.test.ts;packages/db/src/schema/invoice-reminder-schedule-cancel.test.ts;packages/db/src/schema/invoice-reminder-schedule.ts;packages/shared/src/finance/reminder-offset-toggles.ts;packages/shared/src/finance/reminder-schedule.ts
04-invoices-wallet-contracts.md#T-04.1.05.01,Add `replacesInvoiceId` and `adjustmentForInvoiceId` nullable self-references on invoice table,merged_source_evidence_acceptance_retest_required,247,False,,"F02,F14,F22",kanban/epics/04-invoices-wallet-contracts.md:196,packages/db/drizzle/0064_add_invoice_correction_self_references.sql;packages/db/drizzle/meta/_journal.json;packages/db/src/migrate.invoice-correction-links.test.ts;packages/db/src/schema/invoices-correction-links.test.ts;packages/db/src/schema/invoices.test.ts;packages/db/src/schema/invoices.ts
04-invoices-wallet-contracts.md#T-04.1.05.02,"Build `cancelAndReplaceInvoice(invoiceId, reason, newLines)` — validates no payment, cancels, creates linked replacement",merged_source_evidence_acceptance_retest_required,248,False,,"F02,F14,F22",kanban/epics/04-invoices-wallet-contracts.md:197,apps/api/src/invoice/cancel-and-replace-invoice.integration.test.ts;apps/api/src/invoice/cancel-and-replace-invoice.service.test.ts;apps/api/src/invoice/cancel-and-replace-invoice.service.ts;apps/api/src/invoice/index.ts;apps/api/src/invoice/invoice.module.ts;packages/db/drizzle/0065_invoice_order_type_unique_exclude_replacements.sql;packages/db/drizzle/meta/_journal.json;packages/db/src/migrate.invoice-order-type-replacement.test.ts;packages/db/src/schema/invoices-order-type-replacement.test.ts;packages/db/src/schema/invoices.test.ts;packages/db/src/schema/invoices.ts
04-invoices-wallet-contracts.md#T-04.1.05.03,"Build `createAdjustmentInvoice(originalInvoiceId, amount, reason)` — positive = additional charge, negative = credit",merged_source_evidence_acceptance_retest_required,249,False,,"F02,F14,F22",kanban/epics/04-invoices-wallet-contracts.md:198,apps/api/src/dashboard/dashboard.service.test.ts;apps/api/src/dashboard/dashboard.service.ts;apps/api/src/invoice/auto-invoice.integration.test.ts;apps/api/src/invoice/auto-invoice.service.test.ts;apps/api/src/invoice/cancel-and-replace-invoice.integration.test.ts;apps/api/src/invoice/cancel-and-replace-invoice.service.test.ts;apps/api/src/invoice/create-adjustment-invoice.integration.test.ts;apps/api/src/invoice/create-adjustment-invoice.service.test.ts;apps/api/src/invoice/create-adjustment-invoice.service.ts;apps/api/src/invoice/index.ts;apps/api/src/invoice/invoice-calculation-replay.integration.test.ts;apps/api/src/invoice/invoice-state-machine.integration.test.ts;apps/api/src/invoice/invoice-state-machine.service.test.ts;apps/api/src/invoice/invoice-state-machine.service.ts;apps/api/src/invoice/invoice-state.model.ts;apps/api/src/invoice/invoice.module.ts;apps/api/src/invoice/manual-invoice.integration.test.ts;apps/api/src/invoice/manual-invoice.service.test.ts;packages/db/drizzle/0066_invoice_order_type_unique_exclude_adjustments.sql;packages/db/drizzle/0067_invoice_adjustment_kind_accounting_amount.sql;packages/db/drizzle/meta/_journal.json;packages/db/src/migrate.invoice-adjustment-kind.test.ts;packages/db/src/migrate.invoice-order-type-adjustment.test.ts;packages/db/src/migrate.invoice-order-type-replacement.test.ts;packages/db/src/schema/invoices-adjustment-kind.test.ts;packages/db/src/schema/invoices-order-type-adjustment.test.ts;packages/db/src/schema/invoices.test.ts;packages/db/src/schema/invoices.ts;packages/shared/src/finance/index.ts;packages/shared/src/finance/invoice-adjustment.test.ts;packages/shared/src/finance/invoice-adjustment.ts
04-invoices-wallet-contracts.md#T-04.1.05.04,Customer-facing invoice details page shows original + linked corrections/replacements with explanations,merged_source_evidence_acceptance_retest_required,250,False,,"F02,F14,F22",kanban/epics/04-invoices-wallet-contracts.md:199,apps/api/src/invoice/customer-invoice-details.service.test.ts;apps/api/src/invoice/customer-invoice-details.service.ts;apps/api/src/invoice/customer-invoice.controller.test.ts;apps/api/src/invoice/customer-invoice.controller.ts;apps/api/src/invoice/index.ts;apps/api/src/invoice/invoice.module.ts;apps/web/src/components/QuickStatusCards.tsx;apps/web/src/lib/customer-invoices.test.ts;apps/web/src/lib/customer-invoices.ts;apps/web/src/pages/DashboardLayout.tsx;apps/web/src/pages/InvoiceDetailsPage.test.tsx;apps/web/src/pages/InvoiceDetailsPage.tsx;apps/web/src/pages/InvoicesPage.tsx;apps/web/src/routeTree.gen.ts;apps/web/src/routes/_app/invoices/$invoiceId.tsx;apps/web/src/routes/_app/invoices/index.tsx;packages/i18n/src/index.ts
04-invoices-wallet-contracts.md#T-04.2.01.01,"Create `wallets` table: `profileId` (PK, FK), `postedBalance` (int8, default 0), `reservedBalance` (int8, default 0), `version` (int, optimistic lock), `updatedAt`. `availableBalance` is NOT stored — it is derived at query time as `postedBalance - reservedBalance`",affected_by_identified_gap,149,False,F21,"F02,F14,F22",kanban/epics/04-invoices-wallet-contracts.md:228,apps/api/src/app.module.ts;apps/api/src/wallet/index.ts;apps/api/src/wallet/wallet.controller.ts;apps/api/src/wallet/wallet.module.ts;apps/api/src/wallet/wallet.service.test.ts;apps/api/src/wallet/wallet.service.ts;packages/db/src/index.ts;packages/db/src/schema/wallets.ts;packages/db/src/seed/seed.test.ts
04-invoices-wallet-contracts.md#T-04.2.01.02,"Create `wallet_transactions` table: `id` (UUIDv7), `walletId`, `type` (enum: topup, payment, refund, reservation, release, reversal, compensating), `amount` (int8, positive for credit, negative for debit), `state` (Pending, Reserved, Completed, Failed, Rejected, Released, Reversed), `idempotencyKey` (unique), `refId?`, `description?`, `metadata` (JSONB), timestamps",affected_by_identified_gap,"260,251,149",False,F21,"F02,F14,F22",kanban/epics/04-invoices-wallet-contracts.md:229,apps/api/src/app.module.ts;apps/api/src/wallet/index.ts;apps/api/src/wallet/wallet.controller.ts;apps/api/src/wallet/wallet.module.ts;apps/api/src/wallet/wallet.service.test.ts;apps/api/src/wallet/wallet.service.ts;packages/db/drizzle/0068_create_wallet_transactions.sql;packages/db/drizzle/meta/_journal.json;packages/db/src/index.ts;packages/db/src/migrate.wallet-transactions.test.ts;packages/db/src/schema/wallets.test.ts;packages/db/src/schema/wallets.ts;packages/db/src/seed/seed.test.ts
04-invoices-wallet-contracts.md#T-04.2.01.03,"Implement `WalletService.credit(walletId, amount, ref, idempotencyKey)` — inserts ledger row, updates postedBalance with `WHERE version = X AND postedBalance >= 0`",affected_by_identified_gap,"261,254,252",False,F21,"F02,F14,F22",kanban/epics/04-invoices-wallet-contracts.md:230,apps/api/src/catalogue/catalogue-products.service.test.ts;apps/api/src/invoice/manual-invoice.integration.test.ts;apps/api/src/wallet/index.ts;apps/api/src/wallet/wallet-credit.integration.test.ts;apps/api/src/wallet/wallet.service.test.ts;apps/api/src/wallet/wallet.service.ts
04-invoices-wallet-contracts.md#T-04.2.01.04,"Implement `WalletService.debit(walletId, amount, ref, idempotencyKey)` — checks availableBalance >= amount, atomically reserves then completes",affected_by_identified_gap,"262,253",False,F21,"F02,F14,F22",kanban/epics/04-invoices-wallet-contracts.md:231,apps/api/src/wallet/index.ts;apps/api/src/wallet/wallet-debit.integration.test.ts;apps/api/src/wallet/wallet.service.test.ts;apps/api/src/wallet/wallet.service.ts
04-invoices-wallet-contracts.md#T-04.2.01.05,"Implement `WalletService.reserve(walletId, amount)` and `release(reservationId)` for payment flow",affected_by_identified_gap,"263,255",False,F21,"F02,F14,F22",kanban/epics/04-invoices-wallet-contracts.md:232,apps/api/src/wallet/index.ts;apps/api/src/wallet/wallet-reserve.integration.test.ts;apps/api/src/wallet/wallet.service.test.ts;apps/api/src/wallet/wallet.service.ts
04-invoices-wallet-contracts.md#T-04.2.01.06,"Implement optimistic locking: `UPDATE wallets SET postedBalance = postedBalance + delta, version = version + 1 WHERE id = X AND version = expectedVersion`",affected_by_identified_gap,256,False,F21,"F02,F14,F22",kanban/epics/04-invoices-wallet-contracts.md:233,apps/api/src/wallet/index.ts;apps/api/src/wallet/wallet-optimistic-lock.integration.test.ts;apps/api/src/wallet/wallet.service.test.ts;apps/api/src/wallet/wallet.service.ts
04-invoices-wallet-contracts.md#T-04.2.01.07,"Add DB constraint: `CHECK ((postedBalance - reservedBalance) >= 0)` via generated column or trigger — enforces nonnegative available balance on the derived value, NOT a stored column",affected_by_identified_gap,257,False,F21,"F02,F14,F22",kanban/epics/04-invoices-wallet-contracts.md:234,packages/db/drizzle/0069_wallet_available_balance_check.sql;packages/db/drizzle/meta/_journal.json;packages/db/src/migrate.wallet-available-balance.test.ts;packages/db/src/schema/wallets-available-balance.test.ts;packages/db/src/schema/wallets.ts
04-invoices-wallet-contracts.md#T-04.2.01.08,"Scheduled reconciliation worker: compare ledger sum vs wallet balance, report mismatch to finance queue",affected_by_identified_gap,258,False,F21,"F02,F14,F22",kanban/epics/04-invoices-wallet-contracts.md:235,apps/worker/src/main.ts;apps/worker/src/wallet/reconciliation-scanner.integration.test.ts;apps/worker/src/wallet/reconciliation-scanner.test.ts;apps/worker/src/wallet/reconciliation-scanner.ts;packages/shared/src/admin/background-jobs.ts;packages/shared/src/finance/index.ts;packages/shared/src/finance/wallet-reconciliation.test.ts;packages/shared/src/finance/wallet-reconciliation.ts
04-invoices-wallet-contracts.md#T-04.2.02.01,"Build online top-up initiation: validate limit, create Pending transaction, redirect to gateway",affected_by_identified_gap,259,False,F21,"F02,F14,F22",kanban/epics/04-invoices-wallet-contracts.md:263,.env.example;apps/api/src/wallet/index.ts;apps/api/src/wallet/online-topup.integration.test.ts;apps/api/src/wallet/online-topup.service.test.ts;apps/api/src/wallet/online-topup.service.ts;apps/api/src/wallet/payment-gateway.test.ts;apps/api/src/wallet/payment-gateway.ts;apps/api/src/wallet/wallet.controller.test.ts;apps/api/src/wallet/wallet.controller.ts;apps/api/src/wallet/wallet.module.ts;apps/web/src/pages/WalletPage.test.tsx;apps/web/src/pages/WalletPage.tsx;apps/web/src/routes/_app/wallet.tsx;packages/i18n/src/index.ts;packages/shared/src/finance/wallet-topup-config.test.ts;packages/shared/src/finance/wallet-topup-config.ts
04-invoices-wallet-contracts.md#T-04.2.02.02,"Build provider callback handler: verify signature, replay window, event id, merchant context; apply credit via `WalletService.credit()` with idempotency key",affected_by_identified_gap,265,False,F21,"F02,F14,F22",kanban/epics/04-invoices-wallet-contracts.md:264,.env.example;apps/api/src/wallet/index.ts;apps/api/src/wallet/online-topup-callback.controller.test.ts;apps/api/src/wallet/online-topup-callback.controller.ts;apps/api/src/wallet/online-topup-callback.integration.test.ts;apps/api/src/wallet/online-topup-callback.service.test.ts;apps/api/src/wallet/online-topup-callback.service.ts;apps/api/src/wallet/online-topup.integration.test.ts;apps/api/src/wallet/online-topup.service.test.ts;apps/api/src/wallet/payment-callback-verifier.test.ts;apps/api/src/wallet/payment-callback-verifier.ts;apps/api/src/wallet/payment-gateway.test.ts;apps/api/src/wallet/payment-gateway.ts;apps/api/src/wallet/wallet.module.ts;packages/db/drizzle/0070_create_wallet_topup_callback_events.sql;packages/db/drizzle/0071_wallet_topup_callback_events_processing_status.sql;packages/db/drizzle/meta/_journal.json;packages/db/src/index.ts;packages/db/src/migrate.wallet-available-balance.test.ts;packages/db/src/migrate.wallet-topup-callback-events.test.ts;packages/db/src/schema/wallet-topup-callback-events.test.ts;packages/db/src/schema/wallet-topup-callback-events.ts;packages/i18n/src/index.ts;packages/shared/src/errors/error-codes.ts
04-invoices-wallet-contracts.md#T-04.2.02.03,Build bank receipt top-up flow: customer uploads receipt → wallet transaction in Pending state,affected_by_identified_gap,266,False,F21,"F02,F14,F22",kanban/epics/04-invoices-wallet-contracts.md:265,apps/api/src/storage/storage-record-db-adapter.ts;apps/api/src/upload/upload.controller.ts;apps/api/src/upload/upload.module.ts;apps/api/src/wallet/bank-receipt-topup.integration.test.ts;apps/api/src/wallet/bank-receipt-topup.service.test.ts;apps/api/src/wallet/bank-receipt-topup.service.ts;apps/api/src/wallet/wallet.controller.test.ts;apps/api/src/wallet/wallet.controller.ts;apps/api/src/wallet/wallet.module.ts;apps/api/test/upload.controller.spec.ts;apps/web/src/pages/WalletPage.test.tsx;apps/web/src/pages/WalletPage.tsx;packages/db/drizzle/0072_wallet_tx_receipt_attachment_unique.sql;packages/db/drizzle/meta/_journal.json;packages/db/src/migrate.wallet-receipt-attachment.test.ts;packages/db/src/migrate.wallet-transactions.test.ts;packages/db/src/schema/wallets-receipt-attachment.test.ts;packages/db/src/schema/wallets.ts;packages/i18n/src/index.ts;packages/shared/src/finance/index.ts;packages/shared/src/finance/wallet-bank-receipt-topup.test.ts;packages/shared/src/finance/wallet-bank-receipt-topup.ts
04-invoices-wallet-contracts.md#T-04.2.02.04,"Staff confirmation UI: review receipt, confirm or reject with reason; on confirm → `WalletService.credit()`",affected_by_identified_gap,"301,286,278,267",False,"F10,F13,F21","F02,F14,F22",kanban/epics/04-invoices-wallet-contracts.md:266,apps/api/src/admin/admin.module.ts;apps/api/src/admin/bank-receipt-confirmation.controller.test.ts;apps/api/src/admin/bank-receipt-confirmation.controller.ts;apps/api/src/admin/index.ts;apps/api/src/wallet/bank-receipt-confirmation.integration.test.ts;apps/api/src/wallet/bank-receipt-confirmation.service.test.ts;apps/api/src/wallet/bank-receipt-confirmation.service.ts;apps/api/src/wallet/index.ts;apps/api/src/wallet/wallet.module.ts;apps/api/src/wallet/wallet.service.test.ts;apps/api/src/wallet/wallet.service.ts;apps/web/src/lib/bank-receipt-confirmation.test.ts;apps/web/src/lib/bank-receipt-confirmation.ts;apps/web/src/pages/AdminLayout.tsx;apps/web/src/pages/AdminWalletReceiptsPage.test.tsx;apps/web/src/pages/AdminWalletReceiptsPage.tsx;apps/web/src/routeTree.gen.ts;apps/web/src/routes/admin/wallet-receipts.tsx;packages/i18n/src/index.ts;packages/shared/src/finance/index.ts;packages/shared/src/finance/wallet-bank-receipt-confirmation.test.ts;packages/shared/src/finance/wallet-bank-receipt-confirmation.ts
04-invoices-wallet-contracts.md#T-04.2.02.05,"Overpayment handling: if receipt amount > invoice remaining, credit excess to wallet",affected_by_identified_gap,"302,287,279,268",False,"F10,F12,F13,F21","F02,F14,F22",kanban/epics/04-invoices-wallet-contracts.md:267,apps/api/src/admin/bank-receipt-confirmation.controller.test.ts;apps/api/src/admin/bank-receipt-confirmation.controller.ts;apps/api/src/invoice/invoice-state-machine.service.test.ts;apps/api/src/invoice/invoice-state.model.test.ts;apps/api/src/invoice/invoice-state.model.ts;apps/api/src/wallet/bank-receipt-confirmation.integration.test.ts;apps/api/src/wallet/bank-receipt-confirmation.service.test.ts;apps/api/src/wallet/bank-receipt-confirmation.service.ts;apps/api/src/wallet/index.ts;apps/api/src/wallet/wallet.module.ts;apps/web/src/pages/AdminWalletReceiptsPage.test.tsx;apps/web/src/pages/AdminWalletReceiptsPage.tsx;packages/i18n/src/index.ts;packages/shared/src/finance/index.ts;packages/shared/src/finance/invoice-overpayment.test.ts;packages/shared/src/finance/invoice-overpayment.ts;packages/shared/src/finance/wallet-bank-receipt-confirmation.test.ts;packages/shared/src/finance/wallet-bank-receipt-confirmation.ts
04-invoices-wallet-contracts.md#T-04.2.02.06,"Admin-configurable `onlineTopUpLimit` with versioned config, enforced at submission",affected_by_identified_gap,"303,288,280,269",False,F21,"F02,F14,F22",kanban/epics/04-invoices-wallet-contracts.md:268,apps/api/src/admin/admin.controller.ts;apps/api/src/admin/admin.service.ts;apps/api/src/admin/wallet-topup-limit-config.service.test.ts;apps/api/src/common/http-exception.filter.ts;apps/api/src/wallet/online-topup.integration.test.ts;apps/api/src/wallet/online-topup.service.test.ts;apps/api/src/wallet/online-topup.service.ts;apps/api/src/wallet/wallet.controller.test.ts;apps/api/src/wallet/wallet.controller.ts;apps/api/src/wallet/wallet.service.test.ts;apps/api/src/wallet/wallet.service.ts;apps/api/test/http-exception-filter.spec.ts;apps/web/src/components/WalletTopUpLimitConfigPanel.test.tsx;apps/web/src/components/WalletTopUpLimitConfigPanel.tsx;apps/web/src/pages/AdminWalletReceiptsPage.test.tsx;apps/web/src/pages/AdminWalletReceiptsPage.tsx;apps/web/src/pages/WalletPage.test.tsx;apps/web/src/pages/WalletPage.tsx;packages/i18n/src/index.ts;packages/shared/src/finance/wallet-topup-config.test.ts;packages/shared/src/finance/wallet-topup-config.ts
04-invoices-wallet-contracts.md#T-04.2.02.07,Expiry cron: auto-reject online top-ups stuck in Pending beyond TTL,affected_by_identified_gap,"289,281,270",False,F21,"F02,F14,F22",kanban/epics/04-invoices-wallet-contracts.md:269,.env.example;apps/api/src/wallet/online-topup-callback.integration.test.ts;apps/api/src/wallet/online-topup-callback.service.test.ts;apps/api/src/wallet/online-topup-callback.service.ts;apps/worker/src/main.ts;apps/worker/src/wallet/online-topup-expiry-scanner.integration.test.ts;apps/worker/src/wallet/online-topup-expiry-scanner.test.ts;apps/worker/src/wallet/online-topup-expiry-scanner.ts;packages/db/drizzle/0076_wallet_tx_online_pending_expiry_idx.sql;packages/db/drizzle/meta/_journal.json;packages/db/src/migrate.wallet-online-topup-expiry-idx.test.ts;packages/db/src/schema/wallets-online-topup-expiry-idx.test.ts;packages/db/src/schema/wallets.ts;packages/shared/src/admin/background-jobs.ts;packages/shared/src/finance/index.ts;packages/shared/src/finance/online-topup-expiry.test.ts;packages/shared/src/finance/online-topup-expiry.ts
04-invoices-wallet-contracts.md#T-04.2.03.01,"Implement `payInvoiceWithWallet(invoiceId, profileId, idempotencyKey)` service method",affected_by_identified_gap,"290,271",False,"F12,F21","F02,F14,F22",kanban/epics/04-invoices-wallet-contracts.md:292,apps/api/src/wallet/index.ts;apps/api/src/wallet/pay-invoice-with-wallet.service.test.ts;apps/api/src/wallet/pay-invoice-with-wallet.service.ts;apps/api/src/wallet/wallet.module.ts;apps/api/src/wallet/wallet.service.test.ts;apps/api/src/wallet/wallet.service.ts;packages/shared/src/finance/index.ts;packages/shared/src/finance/pay-invoice-with-wallet.test.ts;packages/shared/src/finance/pay-invoice-with-wallet.ts
04-invoices-wallet-contracts.md#T-04.2.03.02,"Use DB transaction: `SELECT ... FOR UPDATE` on wallet and invoice, validate available balance, debit wallet, update invoice → Paid, insert wallet_transaction + audit",affected_by_identified_gap,"291,282,272",False,"F12,F21","F02,F14,F22",kanban/epics/04-invoices-wallet-contracts.md:293,apps/api/src/wallet/pay-invoice-with-wallet.concurrency.integration.test.ts;apps/api/src/wallet/pay-invoice-with-wallet.integration.test.ts;apps/api/src/wallet/pay-invoice-with-wallet.service.test.ts;apps/api/src/wallet/pay-invoice-with-wallet.service.ts;apps/api/src/wallet/wallet.service.test.ts;apps/api/src/wallet/wallet.service.ts;packages/shared/src/finance/pay-invoice-with-wallet.test.ts;packages/shared/src/finance/pay-invoice-with-wallet.ts
04-invoices-wallet-contracts.md#T-04.2.03.03,"Implement idempotency: unique index on `(idempotencyKey, entityType)`, return cached result on retry",affected_by_identified_gap,"292,283,273",False,"F12,F21","F02,F14,F22",kanban/epics/04-invoices-wallet-contracts.md:294,apps/api/src/idempotency/idempotency-keys.repository.integration.test.ts;apps/api/src/idempotency/idempotency-keys.repository.test.ts;apps/api/src/idempotency/idempotency-keys.repository.ts;apps/api/src/wallet/pay-invoice-with-wallet.integration.test.ts;apps/api/src/wallet/pay-invoice-with-wallet.service.test.ts;apps/api/src/wallet/pay-invoice-with-wallet.service.ts;apps/api/src/wallet/wallet.module.ts;packages/db/drizzle/0073_create_idempotency_keys.sql;packages/db/drizzle/meta/_journal.json;packages/db/src/index.ts;packages/db/src/migrate.idempotency-keys.test.ts;packages/db/src/schema/idempotency-keys.test.ts;packages/db/src/schema/idempotency-keys.ts;packages/shared/src/finance/pay-invoice-with-wallet.test.ts;packages/shared/src/finance/pay-invoice-with-wallet.ts
04-invoices-wallet-contracts.md#T-04.2.03.04,"Integration tests: concurrent payment attempts (one succeeds, others fail), duplicate idempotency key, insufficient balance, race conditions",affected_by_identified_gap,"293,284,274",False,"F12,F21","F02,F14,F22",kanban/epics/04-invoices-wallet-contracts.md:295,apps/api/src/wallet/pay-invoice-with-wallet.concurrency.integration.test.ts;apps/api/src/wallet/pay-invoice-with-wallet.integration.test.ts
04-invoices-wallet-contracts.md#T-04.2.04.01,"Implement `reverseTransaction(originalTransactionId, reason, idempotencyKey)` — creates reversal transaction, adjusts balance",affected_by_identified_gap,"285,275",False,F21,"F02,F14,F22",kanban/epics/04-invoices-wallet-contracts.md:316,apps/api/src/wallet/bank-receipt-confirmation.service.ts;apps/api/src/wallet/bank-receipt-topup.service.ts;apps/api/src/wallet/online-topup-callback.service.ts;apps/api/src/wallet/online-topup.service.ts;apps/api/src/wallet/pay-invoice-with-wallet.service.test.ts;apps/api/src/wallet/pay-invoice-with-wallet.service.ts;apps/api/src/wallet/wallet-reverse.integration.test.ts;apps/api/src/wallet/wallet.service.test.ts;apps/api/src/wallet/wallet.service.ts;packages/db/drizzle/0074_wallet_tx_reverses_transaction.sql;packages/db/drizzle/0077_wallet_tx_reversal_original_check.sql;packages/db/drizzle/meta/_journal.json;packages/db/src/migrate.wallet-reversal-check.test.ts;packages/db/src/migrate.wallet-reversal.test.ts;packages/db/src/migrate.wallet-transactions.test.ts;packages/db/src/schema/wallets-reversal.test.ts;packages/db/src/schema/wallets.test.ts;packages/db/src/schema/wallets.ts;packages/shared/src/finance/index.ts;packages/shared/src/finance/wallet-reversal.test.ts;packages/shared/src/finance/wallet-reversal.ts
04-invoices-wallet-contracts.md#T-04.2.04.02,"Build provider chargeback detection: parse inbound notification, validate signature, map to original top-up",affected_by_identified_gap,"294,276",False,F21,"F02,F14,F22",kanban/epics/04-invoices-wallet-contracts.md:317,apps/api/src/wallet/chargeback-detection.controller.test.ts;apps/api/src/wallet/chargeback-detection.controller.ts;apps/api/src/wallet/chargeback-detection.integration.test.ts;apps/api/src/wallet/chargeback-detection.service.test.ts;apps/api/src/wallet/chargeback-detection.service.ts;apps/api/src/wallet/index.ts;apps/api/src/wallet/payment-gateway.test.ts;apps/api/src/wallet/payment-gateway.ts;apps/api/src/wallet/wallet.module.ts;packages/db/drizzle/0075_create_wallet_chargeback_events.sql;packages/db/drizzle/meta/_journal.json;packages/db/src/index.ts;packages/db/src/migrate.wallet-chargeback-events.test.ts;packages/db/src/schema/wallet-chargeback-events.test.ts;packages/db/src/schema/wallet-chargeback-events.ts;packages/shared/src/finance/index.ts;packages/shared/src/finance/wallet-chargeback.test.ts;packages/shared/src/finance/wallet-chargeback.ts
04-invoices-wallet-contracts.md#T-04.2.04.03,Finance alert: push notification + dashboard warning for unresolved chargeback,affected_by_identified_gap,"295,277",False,"F10,F21","F02,F14,F22",kanban/epics/04-invoices-wallet-contracts.md:318,apps/api/src/admin/admin.module.ts;apps/api/src/admin/chargeback-alert.controller.test.ts;apps/api/src/admin/chargeback-alert.controller.ts;apps/api/src/admin/index.ts;apps/api/src/wallet/chargeback-alert.integration.test.ts;apps/api/src/wallet/chargeback-alert.service.test.ts;apps/api/src/wallet/chargeback-alert.service.ts;apps/api/src/wallet/chargeback-detection.service.test.ts;apps/api/src/wallet/chargeback-detection.service.ts;apps/api/src/wallet/index.ts;apps/api/src/wallet/wallet.module.ts;apps/web/src/pages/AdminDashboard.test.tsx;apps/web/src/pages/AdminDashboard.tsx;apps/worker/src/notifications/in-app-transport.test.ts;apps/worker/src/notifications/in-app-transport.ts;packages/db/src/seed/notification-templates.ts;packages/i18n/src/index.ts;packages/shared/src/finance/index.ts;packages/shared/src/finance/wallet-chargeback-alert.test.ts;packages/shared/src/finance/wallet-chargeback-alert.ts;packages/shared/src/notifications/notification-registry.test.ts;packages/shared/src/notifications/notification-registry.ts
04-invoices-wallet-contracts.md#T-04.3.01.01,"Create `bank_receipts` table: `id`, `invoiceId`, `profileId`, `amount`, `paymentDate`, `payerReference`, `attachmentKey`, `customerNote`, `state`, `confirmedBy?`, `confirmedAt?`, `rejectionReason?`, timestamps",merged_source_evidence_acceptance_retest_required,296,False,,"F02,F14,F22",kanban/epics/04-invoices-wallet-contracts.md:348,packages/db/drizzle/0078_create_bank_receipts.sql;packages/db/drizzle/meta/_journal.json;packages/db/src/index.ts;packages/db/src/migrate.bank-receipts.test.ts;packages/db/src/migrate.idempotency-keys.test.ts;packages/db/src/migrate.invoice-adjustment-kind.test.ts;packages/db/src/migrate.invoice-correction-links.test.ts;packages/db/src/migrate.invoice-order-type-adjustment.test.ts;packages/db/src/migrate.invoice-order-type-replacement.test.ts;packages/db/src/migrate.wallet-available-balance.test.ts;packages/db/src/migrate.wallet-chargeback-events.test.ts;packages/db/src/migrate.wallet-online-topup-expiry-idx.test.ts;packages/db/src/migrate.wallet-receipt-attachment.test.ts;packages/db/src/migrate.wallet-reversal-check.test.ts;packages/db/src/migrate.wallet-reversal.test.ts;packages/db/src/migrate.wallet-topup-callback-events.test.ts;packages/db/src/migrate.wallet-transactions.test.ts;packages/db/src/schema/bank-receipts.test.ts;packages/db/src/schema/bank-receipts.ts;packages/db/src/schema/invoices.test.ts;packages/db/src/schema/invoices.ts;packages/db/src/test/testDb.ts
04-invoices-wallet-contracts.md#T-04.3.01.02,"Customer upload flow: validation (amount positive, file type/size), create receipt in Submitted state",merged_source_evidence_acceptance_retest_required,297,False,,"F02,F14,F22",kanban/epics/04-invoices-wallet-contracts.md:349,apps/api/src/finance/claim-bank-receipt-attachment.test.ts;apps/api/src/finance/claim-bank-receipt-attachment.ts;apps/api/src/invoice/customer-invoice.controller.test.ts;apps/api/src/invoice/customer-invoice.controller.ts;apps/api/src/invoice/index.ts;apps/api/src/invoice/invoice-bank-receipt-cross-flow.integration.test.ts;apps/api/src/invoice/invoice-bank-receipt-upload.integration.test.ts;apps/api/src/invoice/invoice-bank-receipt-upload.service.test.ts;apps/api/src/invoice/invoice-bank-receipt-upload.service.ts;apps/api/src/invoice/invoice.module.ts;apps/api/src/upload/upload.controller.ts;apps/api/src/wallet/bank-receipt-topup.integration.test.ts;apps/api/src/wallet/bank-receipt-topup.service.test.ts;apps/api/src/wallet/bank-receipt-topup.service.ts;apps/api/test/upload.controller.spec.ts;apps/web/src/lib/invoice-bank-receipt-upload.test.ts;apps/web/src/lib/invoice-bank-receipt-upload.ts;apps/web/src/pages/InvoiceBankReceiptUploadForm.tsx;apps/web/src/pages/InvoiceDetailsPage.test.tsx;apps/web/src/pages/InvoiceDetailsPage.tsx;packages/db/drizzle/0079_create_bank_receipt_attachment_claims.sql;packages/db/drizzle/meta/_journal.json;packages/db/src/index.ts;packages/db/src/migrate.bank-receipt-attachment-claims.test.ts;packages/db/src/schema/bank-receipt-attachment-claims.test.ts;packages/db/src/schema/bank-receipt-attachment-claims.ts;packages/i18n/src/index.ts;packages/shared/src/finance/bank-receipt-attachment-claim.test.ts;packages/shared/src/finance/bank-receipt-attachment-claim.ts;packages/shared/src/finance/index.ts;packages/shared/src/finance/invoice-bank-receipt-upload.test.ts;packages/shared/src/finance/invoice-bank-receipt-upload.ts
04-invoices-wallet-contracts.md#T-04.3.01.03,Staff confirmation API: validate amount ≤ invoice remaining; if excess → auto-credit wallet; update invoice state; mark receipt Confirmed,affected_by_identified_gap,298,False,F12,"F02,F14,F22",kanban/epics/04-invoices-wallet-contracts.md:350,apps/api/src/admin/admin.module.ts;apps/api/src/admin/invoice-bank-receipt-confirmation.controller.test.ts;apps/api/src/admin/invoice-bank-receipt-confirmation.controller.ts;apps/api/src/invoice/index.ts;apps/api/src/invoice/invoice-bank-receipt-confirmation.integration.test.ts;apps/api/src/invoice/invoice-bank-receipt-confirmation.service.test.ts;apps/api/src/invoice/invoice-bank-receipt-confirmation.service.ts;packages/shared/src/finance/index.ts;packages/shared/src/finance/invoice-bank-receipt-confirmation.test.ts;packages/shared/src/finance/invoice-bank-receipt-confirmation.ts
04-invoices-wallet-contracts.md#T-04.3.01.04,"Staff rejection API: mark receipt Rejected, store reason, notify customer",merged_source_evidence_acceptance_retest_required,299,False,,"F02,F14,F22",kanban/epics/04-invoices-wallet-contracts.md:351,apps/api/src/admin/invoice-bank-receipt-confirmation.controller.test.ts;apps/api/src/admin/invoice-bank-receipt-confirmation.controller.ts;apps/api/src/invoice/index.ts;apps/api/src/invoice/invoice-bank-receipt-confirmation.service.test.ts;apps/api/src/invoice/invoice-bank-receipt-confirmation.service.ts;apps/api/src/invoice/invoice-bank-receipt-rejection.integration.test.ts;apps/worker/src/notifications/outbox-writer.test.ts;apps/worker/src/notifications/outbox-writer.ts;apps/worker/src/notifications/retry-schedule.test.ts;packages/db/src/seed/notification-templates.ts;packages/i18n/src/index.ts;packages/shared/src/finance/invoice-bank-receipt-confirmation.test.ts;packages/shared/src/finance/invoice-bank-receipt-confirmation.ts;packages/shared/src/notifications/notification-registry.test.ts;packages/shared/src/notifications/notification-registry.ts
04-invoices-wallet-contracts.md#T-04.3.01.05,"Dual-approval check: if receipt amount ≥ admin-configured threshold, require second finance staff confirmation",affected_by_identified_gap,300,False,F13,"F02,F14,F22",kanban/epics/04-invoices-wallet-contracts.md:352,apps/api/src/admin/dual-approval-resolution.test.ts;apps/api/src/admin/dual-approval-resolution.ts;apps/api/src/admin/dual-approval.service.ts;apps/api/src/admin/invoice-bank-receipt-confirmation.controller.ts;apps/api/src/invoice/invoice-bank-receipt-confirmation.integration.test.ts;apps/api/src/invoice/invoice-bank-receipt-confirmation.service.test.ts;apps/api/src/invoice/invoice-bank-receipt-confirmation.service.ts;apps/api/src/invoice/invoice-bank-receipt-dual-approval.integration.test.ts;apps/api/src/invoice/invoice-bank-receipt-rejection.integration.test.ts;packages/shared/src/finance/index.ts;packages/shared/src/finance/invoice-bank-receipt-confirmation.ts;packages/shared/src/finance/invoice-bank-receipt-dual-approval.test.ts;packages/shared/src/finance/invoice-bank-receipt-dual-approval.ts
03-core-business.md#T-03.01.01.01,"Create `products` table with columns: `id` (UUIDv7 PK), `type` (enum: `consultation`, `electricity`, `hardware`, `saving_plan`), `system_key` (nullable unique — used for immutable system products like electricity types), `title` (localized JSONB), `description` (localized JSONB, nullable), `price` (bigint nullable, in IRR), `status` (enum: `active`, `inactive`, `archived`), `created_at`, `updated_at`",merged_source_evidence_acceptance_retest_required,144,False,,"F02,F22",kanban/epics/03-core-business.md:61,apps/api/src/orders/products.controller.ts;packages/db/drizzle/0014_recreate_products_schema.sql;packages/db/src/schema/products.ts;packages/db/src/seed/index.ts;packages/db/src/seed/seed.test.ts
03-core-business.md#T-03.01.01.02,"Create `product_price_versions` table for versioned pricing: `id`, `product_id` (FK), `price` (bigint), `vat_category_override` (FK nullable), `effective_from` (timestamptz), `effective_until` (timestamptz nullable), `created_by` (FK to users)",merged_source_evidence_acceptance_retest_required,145,False,,"F02,F22",kanban/epics/03-core-business.md:62,packages/db/drizzle/0015_create_product_price_versions.sql;packages/db/src/index.ts;packages/db/src/schema/product-price-versions.test.ts;packages/db/src/schema/product-price-versions.ts
03-core-business.md#T-03.01.01.03,"Create `product_categories` table: `id`, `product_id` (FK), `category` (enum: `electricity_generation_station_consultation`, `electricity_saving_certificate_consultation`, `thermal_electricity`, `green_electricity`, `free_market_electricity`, `energy_saving_electricity`). Only for electricity and consultation types.",merged_source_evidence_acceptance_retest_required,147,False,,"F02,F22",kanban/epics/03-core-business.md:63,packages/db/drizzle/0017_create_product_categories.sql;packages/db/drizzle/meta/_journal.json;packages/db/src/index.ts;packages/db/src/schema/product-categories.test.ts;packages/db/src/schema/product-categories.ts
03-core-business.md#T-03.01.01.04,"Create `electricity_product_limits` table: `id`, `product_id` (FK to electricity products only), `min_kwh` (bigint, default 0 = no limit), `max_kwh` (bigint, default 0 = no limit)",merged_source_evidence_acceptance_retest_required,148,False,,"F02,F22",kanban/epics/03-core-business.md:64,packages/db/drizzle/0018_create_electricity_product_limits.sql;packages/db/src/index.ts;packages/db/src/schema/electricity-product-limits.test.ts;packages/db/src/schema/electricity-product-limits.ts
07-ui-ux-design.md#T-07.01.01.01,"Initialize `packages/ui` with Tailwind CSS v4, PostCSS, autoprefixer. Configure `tailwind.config.ts` with extended color palette, font families (Vazirmatn for Persian, Inter for English), border-radius, spacing scale, and animation tokens.",merged_source_evidence_acceptance_retest_required,65,False,,"F20,F22",kanban/epics/07-ui-ux-design.md:78,packages/ui/package.json;packages/ui/postcss.config.ts;packages/ui/src/styles.css;packages/ui/tailwind.config.ts;pnpm-lock.yaml
07-ui-ux-design.md#T-07.01.01.02,"Install and configure shadcn/ui CLI: set `style: ""new-york""`, `baseColor: ""zinc""`, `cssVariables: true`. Generate initial component set: Button, Input, Label, Card, Badge, Dialog, DropdownMenu, Select, Separator, Sheet, Skeleton, Toast, Tooltip, Tabs, Avatar, Popover, Command, Switch, Progress, Slider, Textarea, Alert, Breadcrumb, ScrollArea, Calendar, Checkbox, RadioGroup, Sonner (toaster).",merged_source_evidence_acceptance_retest_required,66,False,,"F20,F22",kanban/epics/07-ui-ux-design.md:79,packages/ui/components.json;packages/ui/package.json;packages/ui/src/components/ui/alert.tsx;packages/ui/src/components/ui/avatar.tsx;packages/ui/src/components/ui/badge.tsx;packages/ui/src/components/ui/breadcrumb.tsx;packages/ui/src/components/ui/button.tsx;packages/ui/src/components/ui/calendar.tsx;packages/ui/src/components/ui/card.tsx;packages/ui/src/components/ui/checkbox.tsx;packages/ui/src/components/ui/command.tsx;packages/ui/src/components/ui/dialog.tsx;packages/ui/src/components/ui/dropdown-menu.tsx;packages/ui/src/components/ui/input-group.tsx;packages/ui/src/components/ui/input.tsx;packages/ui/src/components/ui/label.tsx;packages/ui/src/components/ui/popover.tsx;packages/ui/src/components/ui/progress.tsx;packages/ui/src/components/ui/radio-group.tsx;packages/ui/src/components/ui/scroll-area.tsx;packages/ui/src/components/ui/select.tsx;packages/ui/src/components/ui/separator.tsx;packages/ui/src/components/ui/sheet.tsx;packages/ui/src/components/ui/skeleton.tsx;packages/ui/src/components/ui/slider.tsx;packages/ui/src/components/ui/sonner.tsx;packages/ui/src/components/ui/switch.tsx;packages/ui/src/components/ui/tabs.tsx;packages/ui/src/components/ui/textarea.tsx;packages/ui/src/components/ui/toast.tsx;packages/ui/src/components/ui/tooltip.tsx;packages/ui/src/index.ts;packages/ui/src/lib/utils.ts;packages/ui/src/styles.css;packages/ui/tsconfig.json;pnpm-lock.yaml
07-ui-ux-design.md#T-07.01.01.03,"Install and configure Base UI (by MUI — `@mui/base` / `@mui/base-ui`) for complex patterns: NumberField (with locale-aware formatting), DatePicker/DateRangePicker (with Jalali support), ComboBox (with search + keyboard nav), Select (with multi-select + chips), Table (sortable, selectable rows via useTable).",merged_source_evidence_acceptance_retest_required,67,False,,"F20,F22",kanban/epics/07-ui-ux-design.md:80,packages/ui/package.json;packages/ui/src/components/base-ui/combo-box.tsx;packages/ui/src/components/base-ui/data-table.tsx;packages/ui/src/components/base-ui/date-picker.tsx;packages/ui/src/components/base-ui/multi-select.tsx;packages/ui/src/components/base-ui/number-field.tsx;packages/ui/src/index.ts;pnpm-lock.yaml
